Kingdom	Supergroup	Division	Class	Order	Family	Genus	Species	Kingdom_boot	Supergroup_boot	Division_boot	Class_boot	Order_boot	Family_boot	Genus_boot	Species_boot	OTUNumber	sequence	BL040126	BL040419	BL040719	BL041019	BL050120	BL050413	BL050705	BL051004
Eukaryota	Alveolata	Dinoflagellata	Syndiniales	Dino-Group-II	Dino-Group-II-Clade-10-and-11	Dino-Group-II-Clade-10-and-11_X	Dino-Group-II-Clade-10-and-11_X_sp.	100	44	39	39	39	37	37	37	OTU_00003	AGCTCCACTAGCGTATATTAAAGTTGCTGCGGTTAAAAAGCTCGTAGTTTGATATCTGTCAATGCTTTTCGGTCTGCTCTTTGAGATGGATTATGCATTCGCTTTGGCATCTACGCGTGAATCGGTGCTGTGCTTGATTGCATGGCTCTGTACTCGCGTCTTTTACTTTGAAGAAAATAGGGTGTTCACAGTAGGCAATTGTCTTGTATATATTAGCATGGGATAATAATCTAGGGTTTCGTGCTCTTTCAGGTGGCTCGAAGAGTGGAAGCAATGGTTAATAGGGGCTGTTGGGGGTCTTCGGATTATCGCGTCAGAGGTGGAATTCTTAGATTGCGCTACGACGCACGAATGCGAAAGCATTTGCCAAAGATGTTT	0	12853	0	0	81	0	0	8992
Eukaryota	Alveolata	Dinoflagellata	Syndiniales	Dino-Group-II	Dino-Group-II-Clade-10-and-11	Dino-Group-II-Clade-10-and-11_X	Dino-Group-II-Clade-10-and-11_X_sp.	100	18	16	16	16	16	16	16	OTU_00151	AGCTCCACTAGCGTATATTAAAGTTGCTGCGGTTAAAAAGCTCGTAGTTTGATATCTGTCAATGCTTTTCGGTCTGCTCTTTGAGATGGATTATGCATTCGCTTTGGCATCTACGCGTGAATCGGTGCTGTGCTTGATTGCATGGCTCTGTACTCGCGTCTTTTACTTTGAAGAAAATAGGGTGTTCACAGTAGGCAATTGTCTTGTATATATTAGCATGGGATCATAATCTAGGGTTTCGTGCTCTTTCAGGTGGCTCGAAGAGTGGAAGCAATGGTTAATAGGGGCTGTTGGGGGTCTTCGGATTATCGCGTCAGAGGTGGAATTCTTAGATTGCGCTACGACGCACGAATGCGAAAGCATTTGCCAAAGATGTTT	0	655	0	0	0	0	0	185
Eukaryota:nucl	Hacrobia:nucl	Cryptophyta:nucl	Cryptophyceae:nucl	Cryptomonadales:nucl	Hemiselmidaceae:nucl	Hemiselmis:nucl	Hemiselmis_sp.:nucl	78	78	78	78	78	78	78	78	OTU_00163	AGCTCCAATAGCGTATACTAAAGTTGTTGCAGTTAAAAAGCTCGTAGTCGAATATAGGTTGTTTGGATGCGCGAGCACTCTTGTTTAACTTGAGATGCTTGCGCCCATTAGCCGCCCTTGTGGGGCTCGATGTTCTTGATTATCAAGAATACTCAATCGATCCCACACATTACTGTGAACAAAATAGAGTGTTCATGGCAGGCCATTAGGGCTTGAATACCGCAGCATGGAATAATAGAATAGGACTTCCGGTTCTATTTTATTGGTTTTTGGAGCCGAAGTAATGATTAATAGGGATAGTTGGGGGCACTCGTACTCCGTTGTCAGAGGTGAAATTCTTGGATTGACGGAAGACGAACAACTGCGAAAGCATCTGCCAAGGATGTTT	475	0	0	0	292	0	0	0
Eukaryota	Opisthokonta	Fungi	Chytridiomycota	Chytridiomycotina	Chytridiomycetes	Synchytrium	Synchytrium_macrosporum	100	79	71	36	36	35	15	13	OTU_00175	AGCTCCAATAGCGTATATTAAAGTTGTTGCAGTTAAAAAGCTCGTAGTCGAACTTTGGGTGAAGCTACCTGGTCGGTCAATTTGGCTGTACTAGAGTGCGGATCCTTTTTCCTGGGGGACTATTGCTTTGCGATAGGATTCCAGGGTTTTACTTTGAAGAAATTAGAGTGTTTAAGGCAGGCATGTGCTTGAATACATTAGCATGGAATAATAGAATAGGACTTTGGTTTTATTTTGTTGGTTTTAAAGACCAAAGTAATGATTAATAGGGATAGTTGGGGGCATTAGTATTCAAGAGTCAGAGGTGAAATTCTTGGATTTCTTGAAGACTAACTACTGCGAAAGCATTTGCCAAGGATGTTT	0	0	0	0	0	0	0	696
Eukaryota:nucl	Hacrobia:nucl	Cryptophyta:nucl	Cryptophyceae:nucl	Cryptomonadales:nucl	Hemiselmidaceae:nucl	Hemiselmis:nucl	Hemiselmis_sp.:nucl	67	67	67	67	67	67	67	67	OTU_00182	AGCTCCAATAGCGTATACTAAAGTTGTTGCAGTTAAAAAGCTCGTAGTCGAATGAAGGTTTCTTGTATAGCGCGGACGTCTAGGTGTAACTTAGATTAGTTTGCGCACAAAAACCTCCCTTGTGTGTTTCAGAGGAGCAAATATTTATTTATTTTGATCCATTTGAGACACATACATTACTGTGAACAAAATAGAGTGTTCATGGCAGGTCAATTTAGGCTTGAATACCTCAGCATGGAATAATAGAATAGGACTTCCGGTTCTATTTTGTTGGTTTTTGGAGCCGAAGTAATGATTAATAGGGATAGTTGGGGGCACTCGTACTCCGTTGTCAGAGGTGAAATTCTAGGATTGACGGAAGACGAACAACTGCGAAAGCATCTGCCAAGGATGTTT	362	0	0	0	226	0	0	65
Eukaryota	Alveolata	Dinoflagellata	Dinophyceae	Dinophyceae_X	Oodiniaceae	Oodinium	Oodinium_pouchetii	100	79	74	73	38	26	26	26	OTU_00208	AGCTCCAATAGCGTATATTAAAATTGTTGCGGTTGAAAAGCTCGTAGTTGGAATTCTGTCTAGAGCAACTAGTCCGCTCATTGGGTGTGCATTTGGTTCGCTCTTGGCATTCTTCAGATTAGCTGTGATGCACTTGACTGTGTGTCCTGGGGATCTGATCTTTTACTTTGAGGAAATTAAAGTGTTTCACGCAGGCATACGCCTTGAATTTAATAGCATGGAATAATGGTTTAGGACCTTAGTTCTAACTTGTTGGTTCTTAGGAAGAAGGTAATGGTTAACAGGGAAAATTGGGGGTATTCGTATTTAACTGTCAGAGGTGAAATTCTTGGATTTGTTAAAGACGGACAACTGCGAAAGCATTTGCCAAGGATGTTT	0	0	0	0	0	0	0	564
Eukaryota	Alveolata	Dinoflagellata	Syndiniales	Dino-Group-II	Dino-Group-II-Clade-10-and-11	Dino-Group-II-Clade-10-and-11_X	Dino-Group-II-Clade-10-and-11_X_sp.	99	19	13	13	13	12	12	12	OTU_00240	AGCTCCACTAGCGTATATTAAAGTTGATTGCATGGCTCTGTACTCGCGTCTTTTACTTTGAAGAAAATAGGGTGTTCACAGTAGGCAATTGTCTTGTATATATTAGCATGGGATAATAATCTAGGGTTTCGTGCTCTTTCAGGTGGCTCGAAGAGTGGAAGCAATGGTTAATAGGGGCTGTTGGGGGTCTTCGGATTATCGCGTCAGAGGTGGAATTCTTAGATTGCGCTACGACGCACGAATGCGAAAGCATTTGCCAAAGATGTTT	0	462	0	0	0	0	0	0
Eukaryota	Stramenopiles	Opalozoa	Bicoecea	Bicoecea_X	Bicoecea_XX	Bicoecea_XXX	Bicoecea_XXX_sp.	100	54	36	35	18	18	18	18	OTU_00245	AGCTCCAATAGCGTATATTAAAGTTGTTGCAGTTAAAAAGCTCGTAGTTGAATTTCTGGAGGGCACGTTGGGACCGCTTGATTGCGCGTCCTTGACGAACTCTCCATCCTTGCAGGGAGTGCGTCGGCCTTCATTGGTTCGGCGTATCAACCTGCATCCTTTACTGTGAAAAAATTAGAGTGTTTAAAGCAGGCGATCGCTTGAATACATTAGCATGGAATAATAAGATAGGACTTTGGTCTATTTTGTTGGTTGCGGCCCAAGGTAATGATTAATAGGGATGATTGGGGACATTCATATTGAGGTGGAAGAGGTGAAATTCTTGGATTTCCTCAAGATGAACTGCTGCGAAAGCGTCTGTCTAGGGCGTTT	0	0	448	0	0	0	0	0
Eukaryota	Opisthokonta	Metazoa	Arthropoda	Hexapoda	Insecta	Anopheles	Anopheles_albimanus	100	59	59	33	15	15	4	4	OTU_00267	AGCTCCACTAGCGTATATTAAAGTTGCTGCGGTTAAAAAGCTCGTAGTTGGATATCTGCCAATGCGGTTCGGTCTGCTCTTTGAGATGGATTATGCATTAGCTTTGGCATCTACGTGCGCGGCGGTACTGTGCTTGATTGCATGGTTCGCCCTTCGCGTCTTTTACTTTGAAGAAAATAGAGTGCTCACAGTAGGCAATAGTCTTGTATATATTAGCATGGGATAATGATCTAGGGCTTGCTGCTCTTTTAGGTGGCTCGGAGAGTGTAAGCAATGGTTAATAGGGGCTGTTGGGGGTCTTCGTATTATCGCGTCAGAGGTGGAATTCTTAGACTGCGCTACGACGCACGAATGCGAAAGCATTTGCCAAAGATGTTT	32	0	0	0	360	0	0	0
Eukaryota:nucl	Hacrobia:nucl	Cryptophyta:nucl	Cryptophyceae:nucl	Cryptomonadales:nucl	Hemiselmidaceae:nucl	Hemiselmis:nucl	Hemiselmis_sp.:nucl	69	69	69	69	69	69	69	69	OTU_00283	AGCTCCAATAGCGTATACTAAAGTTGTTGCAGTTAAAAAGCTCGTAGTCGAATGAAGGTTTTTTGGATAGCGCGGACTCTTAGGTGTAACCTAAGAAAGTCTGCGCCCAATAACCTCCCTGTTGTAATACAATGCATCAAATCTTTTTAAGATTTGAGAAAAAAAAATTGTTTTACAAACATTACTGTGAACAAAATAGAGTGTTCATGGCAGGCCATTTGGGCTTGGATACCTCAGCATGGAATAATAGAATAGGACTTCTGGTTCTATTTTGTTGGTTTTTGGAGCCGAAGTAATGATTAATAGGGATAGTTGGGGGCATTCGTACTCCGTTGTCAGAGGTGAAATTCTAGGATTGACGGAAGACGAACAACTGCGAAAGCATCTGCCAAGGATGTTT	100	20	168	0	43	0	36	0
Eukaryota	Alveolata	Dinoflagellata	Syndiniales	Dino-Group-II	Dino-Group-II-Clade-10-and-11	Dino-Group-II-Clade-10-and-11_X	Dino-Group-II-Clade-10-and-11_X_sp.	100	43	39	38	38	38	38	38	OTU_00287	AGCTCCACTAGCGTATATTAAAGTTGCTGCGGTTAAAAAGCTCGTAGTTTGATATCTGTCAATGCTTTTCGGTCTGCTCTTTGAGATGGATTATGCATTCGCTTTGGCATCTACGCGTGAATCGGTGCTGTGCTTGATTGCATGGCTCTGTACTCGCGTCTTTTACTTTGAAGAAAATAGGGTGTTCACAGTAGGCAATTGTCTTGTATATATTAGCATGGGATAATAATCTGTTGGGTGTCTTCGGATTATCGCGTCAGAGGTGGAATTCTTAGATTGCGCTACGACGCACGAATGCGAAAGCATTTGCCAAAGATGTTT	0	0	0	0	0	0	0	362
Eukaryota	Alveolata	Dinoflagellata	Dinophyceae	Dinophyceae_X	Dinophyceae_XX	Dinophyceae_XXX	Dinophyceae_XXX_sp.	100	37	37	37	28	28	28	28	OTU_00316	AGCTCCAATAGCGTATATTGAAGTTGTTGCGGTTAAAAAGCTCGTCGTTGGATTTCTGTTGAGGTCGAACAGTGCCGCCCTATGGGTGCGCAACTGGCTCGGCTTCGGCATCTTCTTGGAGAGCGCATCTGCACTTAACTGTGTGGATCGTACTTCAAGTCAGTTACTTTGAGGAATTGTGAGTGTTTCAAGCAGGCTTACGCCGTTGAATCCGTTAGCATGGAATAATAGAATAGGACCTCGGTTCTATTTTGTTGGTTTTGAGAGCTGGGGCAGCGATTGATAGGGACGGATGGGGGCGTCCGAACTTTACTGTCAGAGGTGAAATTCTTAGATCGGTCAAAGGCGAACTACTGCGAACGCATTCGCCAAGAATGTTTTCT	0	6	157	80	70	0	13	0
Eukaryota:nucl	Hacrobia:nucl	Cryptophyta:nucl	Cryptophyceae:nucl	Cryptomonadales:nucl	Hemiselmidaceae:nucl	Hemiselmis:nucl	Hemiselmis_sp.:nucl	78	78	78	78	78	78	78	78	OTU_00321	AGCTCCAATAGCGTATACTAAAGTTGTTGCAGTTAAAAAGCTCGTAGTCGAATATAGGTTGTTTGGATGCGCGAACACTCTTGTTTAACTTGAGATGCTTGCGCCCATTAGCCGCCCTTGTGGGGCTCGATGTTCTTGATTATCAAGAACACTCAATCGATCCCACACATTACTGTGAACAAAATAGAGTGTTCATGGCAGGCCATTAGGGCTTGAATACCGCAGCATGGAATAATAGAATAGGACTTCCGGTTCTATTTTATTGGTTTTTGGAGCCGAAGTAATGATTAATAGGGATAGTTGGGGGCACTCGTACTCCGTTGTCAGAGGTGAAATTCTTGGATTGACGGAAGACGAACAACTGCGAAAGCATCTGCCAAGGATGTTT	246	0	0	0	74	0	0	0
Eukaryota	Opisthokonta	Metazoa	Myxozoa	Myxozoa_X	Myxosporea	Sphaerospora	Sphaerospora_sparidarum	91	38	36	11	11	11	8	6	OTU_00351	GGCTCCTTCAGCCTGAGGTAGAATTGTTGTAGTTAAAACGCTCGTAGTTGGATTTTGTAAGAGTTTTGTGTGTGTAGGTTGCGTATATATTCGTATATTCGTGATTCTTCATGCCACTTTTATACTGATTGTGGATAATTTTCGGATTATTTGCAATATTACTGTGAGAAAAAGAGTGCGCTTAAGGGCGGCTTTATGCTAAGATCATTTAGCATGGAATAAACATAACGGACTTTGGTTTTGTTATGTGTTGGTTCAATATCAAGTCATGATTGATAAGGATGGTTTGGGGATGTTCGTATTTATACTCGAGGGGTGAAATCTTTTGACAGTATAAGGACGATCTTTAGCAAAAGCATTCATCAATTCCATACCTT	0	0	0	0	0	286	0	0
Eukaryota	Alveolata	Dinoflagellata	Syndiniales	Dino-Group-II	Dino-Group-II-Clade-10-and-11	Dino-Group-II-Clade-10-and-11_X	Dino-Group-II-Clade-10-and-11_X_sp.	99	33	30	30	30	30	30	30	OTU_00374	AGCTCCACTAGCGTATATTAAAGTTGCTGCGGTTAAAAAGCTCGTAGTTTGATATCTGTCAATGCTTTTCGGTCTGCTCTTTGAGATGGATTATGCATTCGCTTTGGCATCTACGCGTGAATCGGTGCTGTGCTTGATTGCATGGCTCTGTACTCGCGTCTTTTACTTTGAAGAAAATAGGGTGTTCACAGTAGGCAATTGTCTTGTATATATTAGCATGGGATAATAATCTAGGGTTTCGTGCTCTTTCAGGTGGCTCGAAGAGTGGAAGCAATGGTTAATAGGTGCTGTTGGGGGTCTTCGGATTATCGCGTCAGAGGTGGAATTCTTAGATTGCGCTACGACGCACGAATGCGAAAGCATTTGCCAAAGATGTTT	0	0	0	0	0	0	0	270
Eukaryota	Alveolata	Dinoflagellata	Syndiniales	Dino-Group-II	Dino-Group-II_X	Dino-Group-II_XX	Dino-Group-II_XX_sp.	97	79	78	50	50	16	16	16	OTU_00377	AGCTCCAATAGCGTATATTAAAGTTGTTGCGGTTAAAAAGCTCGTAGTTGGATTTCTGTCGAGGATGGTCGGTCCCTACGCTGTAGGAGTATCTGATTCAGCCTTGGCATCCTCCTACAGAACGTACTGCTCTTCACTGAGTGGTGCGGAATGTAGGACTTTTACTTTGAGGAAATTAGAGTGTTTACGGCAGGCAAACGCCTTGAATACGTTAGCATGGAATAATAACATAGGACTTTTTGTCTATTTTGTTGGTTTCTAGACGGAAAGTAATGATTAATAGGGATATTTGGGGGTATTCGTATTATGTGGTCAGAGGTGGAATTCTTGGATTCACATACGACGAACTACTGCGAAAGCATTTACCAAGGATGTTT	0	10	0	0	0	0	0	256
Eukaryota:nucl	Hacrobia:nucl	Cryptophyta:nucl	Cryptophyceae:nucl	Cryptomonadales:nucl	Hemiselmidaceae:nucl	Hemiselmis:nucl	Hemiselmis_sp.:nucl	64	64	64	64	64	64	64	64	OTU_00399	AGCTCCAATAGCGTATACTAAAGTTGTTGCAGTTAAAAAGCTCGTAGTCGAATGAAGGTTTCTTGTATAGCGCGGACGTCTAGGTGTAACTTAGATTAGTTTGCGCACAAGAACCTCCCTTGTGTGTCTCAGAGGAGCAAATATTTATTTATTTTGATCCATTTGCGACACACACATTACTGTGAACAAAATAGAGTGTTCATGGCAGGTCAATTTAGGCTTGAATACCTCAGCATGGAATAATAGAATAGGACTTCCGGTTCTATTTTGTTGGTTTTTGGAGCCGAAGTAATGATTAATAGGGATAGTTGGGGGCACTCGTACTCCGTTGTCAGAGGTGAAATTCTAGGATTGACGGAAGACGAACAACTGCGAAAGCATCTGCCAAGGATGTTT	58	0	0	0	120	0	0	71
Eukaryota	Alveolata	Ciliophora	Phyllopharyngea	Cyrtophoria_1	Pithitidae	Pithites	Pithites_vorax	97	71	69	34	26	24	24	24	OTU_00423	AGCTCCAATAGCGAATATTAATGTTGTTGCAGTTAAAAAGCTCGTAGTCGAATTTCTGGCCGGACAACGACGATATACCGATCTGCGTCTAGGTCATCCTCCCATGAAAGCATGTGGACCTTCACTGGCTCCCGTGTTGAATTGGGAACTTTACTTTGAGAAAATTAGAGTGTTTCAGGCAGGCTTTCGCTTGAATACTACAGCATGGAATAATGGAATATGTCTCAAATTACTTCTTGGTTCGTTATTTGAGAAATGATTAATAGGAACAGTTGGGGGCATTTGTACTTGCCAGTCAGAGGTGAAATTCTTCGATTTGGCAAAGACAAACTAATGCGAAGGCATCTGCCAAGGATGTTT	0	0	0	0	0	0	0	228
Eukaryota	Alveolata	Dinoflagellata	Syndiniales	Dino-Group-II	Dino-Group-II-Clade-10-and-11	Dino-Group-II-Clade-10-and-11_X	Dino-Group-II-Clade-10-and-11_X_sp.	100	37	30	30	30	29	29	29	OTU_00435	AGCTCCACTAGCGTATATTAAAGTTGCTGCGGTTAAAAAGCTCGTAGTTTGATATCTGTCAATGCTTTTCGGTCTGCTCTTTGAGATGGATTATGCATTCGCTTTGGCATCTACGCGTGAATCGGTGCTGTGCTTGATTGCGTGGCTCTGTACTCGCGTCTTTTACTTTGAAGAAAATAGGGTGTTCACAGTAGGCAATTGTCTTGTATATATTAGCATGGGATAATAATCTAGGGTTTCGTGCTCTTTCAGGTGGCTCGAAGAGTGGAAGCAATGGTTAATAGGGGCTGTTGGGGGTCTTCGGATTATCGCGTCAGAGGTGGAATTCTTAGATTGCGCTACGACGCACGAATGCGAAAGCATTTGCCAAAGATGTTT	0	220	0	0	0	0	0	0
Eukaryota	Alveolata	Dinoflagellata	Syndiniales	Dino-Group-II	Dino-Group-II-Clade-10-and-11	Dino-Group-II-Clade-10-and-11_X	Dino-Group-II-Clade-10-and-11_X_sp.	99	42	40	39	39	38	38	38	OTU_00487	AGCTCCACTAGCGTATATTAAAGTTGCTGCGGTTAAAAAGCTCGTAGTTTGATATCTGCCAATGCTTTTCGGTCTGCTCTTTGAGATGGATTATGCATTCGCTTTGGCATCTACGCGTGAATCGGTGCTGTGCTTGATTGCATGGTTCTGTACTCGCGTCTTTTACTTTGAAGAAAATAGAGTGCTCACAGTAGGCAATTGTCTTGTATATATTAGCATGGAATAATAATCTAGGGTCTCGTGCTCTTTCAGGTGGCTCGGAGAGTGGAAGCAATGGTTAATAGGGGCTGTTGGGGGTCTTCGGATTATCGCGTCAGAGGTGGAATTCTTAGATTGCGCTACGACGCACGAATGCGAAAGCATTTGCCAAAGATGTTT	154	0	0	0	35	0	0	0
Eukaryota	Excavata	Metamonada	Preaxostyla	Oxymonadida	Polymastigidae	Monocercomonoides	Monocercomonoides_sp.	98	3	2	2	2	2	2	2	OTU_00490	AGCTCCAGGAGTGTATATTAAAGTTGTTGCGGTTAAAAAGCTCGTAGTTGACATCTTACTGAAACAAGCTTTTCATTTCGATGACTTTGAAACTGTTCTTGTTTCGTAATAACTTTATGAATTAGTGTTGGATTTGATTATTCGACATGACTCTAAGTTTTACCTTGAAGAAATTAGAATGCTTAAATTAGGTTTATGTAATGAATACTTTAGCATGGAATAACAACATTGAATTTGGAAAGATTCCGTTGGTTCATCATTCCAATGTAACGATTAATAGGAATAGTTAGGGGTACTCGTATTTGATTGTCAGAGGTGAAATTCTTGGATTAATCAAAGACTGTCTAGAGCGAAAGCATTTACCAGAGATGTT	0	0	0	0	188	0	0	0
Eukaryota	Alveolata	Dinoflagellata	Syndiniales	Dino-Group-II	Dino-Group-II-Clade-10-and-11	Dino-Group-II-Clade-10-and-11_X	Dino-Group-II-Clade-10-and-11_X_sp.	100	24	20	20	20	20	20	20	OTU_00518	AGCTCCACTAGCGTATATTAAAGTTGCTGCGGTTAAAAAGCTCGTAGTTTGATATCTGTCAATGCTTTTCGGTCTGCTCTTTGAGATGGATTATGCATTCGCTTTGGCATCTACGCGTGAATCGGTGCTGTGCTTGATTGCATGGCTCTGTACTCGCGTCTTTTACTTTGAAGAAAATAGGGTGTTCACAGTAGGCAATTGTCTTGTATATATTAGCATGGGATAATAATCTAGGGTTTCGTGCTCTTTCAGGTGGCTCGAAGAGTGGAAGCAATAGTTAATAGGGGCTGTTGGGGGTCTTCGGATTATCGCGTCAGAGGTGGAATTCTTAGATTGCGCTACGACGCACGAATGCGAAAGCATTTGCCAAAGATGTTT	0	0	0	0	0	0	0	175
Eukaryota	Opisthokonta	Fungi	Ascomycota	Pezizomycotina	Lecanoromycetes	Physconia	Physconia_enteroxantha	100	63	23	13	13	8	6	5	OTU_00565	AGCTCCAATAGCGTATATTAAAGTTGTTGCAGTTAAAAAGCTCGTAGTTGGATCTTTGGATGAGATGAACTCGCCCCGCCGGGATGGTGAGGGCGGGTTTGTCCATTCTTCCCTTCTGGATATCCCCCGTTGTTCTTAATTGGGCGGCGGGAGCGGGCCGTGTGTAAGTTCGCGCGGCCTGGGTTCCAGATCGTTTACTGTGAGGAAATTAGAGTGTTCAAAGCAGGCGTTTTTGCCTTGAATACTACAGCATGGGATAATAGAATAGGACTCTGTTTCTATTTTGTTGGTTTATAGAGCCAGAGTAATGATAAATAGGGATAGTTGGGGGCATTTGTATTCAATTGTCAGAGGTGAAATTCTAGGATTTATTGAAGACAAACTACTGCGAAAGCATTTGCCAAGGATGTTT	0	0	156	0	0	0	0	0
Eukaryota	Alveolata	Dinoflagellata	Syndiniales	Dino-Group-II	Dino-Group-II-Clade-10-and-11	Dino-Group-II-Clade-10-and-11_X	Dino-Group-II-Clade-10-and-11_X_sp.	100	25	21	20	20	20	20	20	OTU_00571	AGCTCCACTAGCGTATATTAAAGTTGCTGCGGTTAAAAAGCTCGTAGTTTGATATCTGTCAATGCTCTTCGGTCTGCTCTTTGAGATGGATTATGCATTCGCTTTGGCATCTACGCGTGAATCGGTGCTGTGCTTGATTGCATGGCTCTGTACTCGCGTCTTTTACTTTGAAGAAAATAGGGTGTTCACAGTAGGCAATTGTCTTGTATATATTAGCATGGGATAATAATCTAGGGTTTCGTGCTCTTTCAGGTGGCTCGAAGAGTGGAAGCAATGGTTAATAGGGGCTGTTGGGGGTCTTCGGATTATCGCGTCAGAGGTGGAATTCTTAGATTGCGCTACGACGCACGAATGCGAAAGCATTTGCCAAAGATGTTT	0	0	0	0	0	0	0	154
Eukaryota	Amoebozoa	Conosa	Archamoebea	Mastigamoebida	Mastigamoebidae	Mastigamoeba	Mastigamoeba_simplex	93	23	21	21	10	10	10	10	OTU_00573	AGCTCCAGGAGTGTATATTAAAGTTGTTGCGGTTAAAAAGATCGTAGTTGACATCTTACTGAAATCTGCTTTTCATTTCGATGACTTTGAATTAGCTTTAATTTCGTAATAACTTCATGTATTTGTGTTGAATTTGAATATTTGACTCGGATCTAAGTTTTACCTTGAAGAAATTAGAATGCTTAAATTAGATGAATGTAATGAATACTTGAGCATGGAATAATAAAATTGAATTTGGAAAGATTTCGTTGGTACATCATTCCAATGTAACGATTAATAGGAATAGTTAGGGGTACTCGTATTTGATTGTCAGAGGTGAAATTCTTGGATTAATCAAAGACTATCTAGAGCGAAAGCATTTGCCAGAGATGTT	0	0	0	0	153	0	0	0
Eukaryota	Alveolata	Dinoflagellata	Dinophyceae	Gymnodiniales	Gymnodiniaceae	Gymnodinium	Gymnodinium_impatiens	100	66	62	61	24	22	8	8	OTU_00576	AGCTCCAATAGCGTATATTAAAGTTGTTGCGGTTAAAAAGCTCGTAGTTGGACTTGTACGAAGGTTCGTTGGTCCGCCCTTTGGGTGTGTACTTTACGATGTCCGTCGTCTCTCTGGAGAACGTTGCCATGCTCACGCGTGGTGCGGTATCCGGAGCATTTACTTTGAGGAAATTAGAGTGTTCTCGGCAGGCATTTGCCTTGAATATGTTAGCATGGAATAATGCGAAAAGGCCTCGGTTTTTCTTGTTGGTTTCTAACCCCGAGGTGATGATTAATATGAGCTGTTGGGGGCATCTGTATTTAACTGTCAGAGGTGAAATTCTTGGATTTGTTAAGGACAGACTAGTGCGAAAGCATTTGCCAAAGATGTTTTTC	151	0	0	0	0	0	0	0
Eukaryota	Opisthokonta	Metazoa	Ctenophora	Ctenophora_X	Ctenophora_XX	Cestum	Cestum_veneris	100	58	24	13	13	13	3	3	OTU_00582	AGCTCCAATAGCGTATATTAAAGTTGTTGCAGTTAAAAAGCTCGTAGTTGGATTTCGGGTTAGTTCGACCGGTCCGCCCTTGCGGTGTGCACTGGCCGGATTCTCCTTCCATCTGGAGGCCAGCCCTTCTCTTAACTGAGCGGGGTTGGGGTTCAGATCGTTTACTTTGAAAAAATTAGAGTGTTTAAAGCAGGCCTATGCTCTGAATACATTAGCATGGAATAATAGAATAGGACTTTGGTCTTATTTTGTTGGTTTTCGAGACCGAAGTAATGATTAATAGGGATAGTTGGGGGCATTCGTATTTAATTGTCAGAGGTGAAATTCTTGGATTTATGAAAGACGAACTTCTGCGAAAGCATTTGCCAAGGATGTTT	0	0	90	20	40	0	0	0
Eukaryota	Apusozoa	Apusomonadidae	Apusomonadidae_Group-4	Apusomonadidae_Group-4_X	Apusomonadidae_Group-4_XX	Collodictyon	Collodictyon_triciliatum	94	7	7	7	7	7	7	7	OTU_00597	AGCTCCAATAGCGTATATTTAAGTTGCTGCAGTTAAAAAGCTCGTAGTTGAATTTATGAAGATATTAATAGTCTTAAAAAAAATATTTTTTTTTAGATCTAGCAATATTCTTTACTTATTACTATATTTTCACAAAAATGTTTTTTTCATTTTTTGTGGTATTTTAATCGATACTTATATAGTAGGGTTACTGTGAGTAAATTAAAATGTTCAAAGTAGGCGGTCGCTGTGAATATATTAGCATGGAATAACAATGTAGTACTTTTATCTATTTTGCTGACCTGTTAGATGGGAGTAACGATTAATAGGGACAGTTGGGGGCATTCGTATTTCATTGTCAGAGGTGAAATTCTTAGATTGATGAAAGACGATCTACTGCGAAGGCATTTGCCAAGGATGTTT	0	0	0	0	0	0	145	0
Eukaryota	Alveolata	Dinoflagellata	Dinophyceae	Peridiniales	Thoracosphaeraceae	Pfiesteria	Pfiesteria_sp.	100	66	64	63	29	12	12	12	OTU_00610	AGCTCCAGTAGCGTATACTAAAGTTGTTGCGGTTAAAACGCTCGTAGTTGGACTTCTGGCTTGGACGACCGGTCCGTCCCTTGGACGCGTATCTGGCTCGGCCTAGCCATCTTGGTTGCGGTTGTGCCCTTCATTGGGTTCGCCGTTACCCGATTACTTTGAGGAAATGAGAGTGTTCCAAGCAGGCGTTCGCCTTGTATACTTTAGCATAGAATAATAAGATAAGATCTGGGTCTTGTTTTGTTGGTTCACCGGGCTCGGATAATGATCAAGAGGAACAGGTCGGGGGCATTCGTATTCAACTGTCAGAGGTGAAATTCTTGGATTTGTTGAAGACGGACTACTGCGAAAGCATTTGCCAAGGATGTTT	0	0	140	0	0	0	0	0
Eukaryota	Opisthokonta	Metazoa	Arthropoda	Hexapoda	Insecta	Ctenostoma	Ctenostoma_metallicum	97	77	75	54	38	38	4	4	OTU_00620	AGCTCCAGTAGCGTATATTAAAGTTGCTGCGGTTAAAAAGTTCGTAGTTGGACACTTGCTGATCTTCAATAGTCTGCTCCATGAGCTAGATATGTTGATAAGGCCAGCTTTATAACGCGCCGTGCAGCATTGTGCTTGATTGCATACTGTTCTCGCGCGAGCTTAACTTTGGAGAAAATGGAGTGATCATTATAGGTTTTGGCACTGTGCATAGCAGCATCGAACAATAATATATAGCTTTTTCTTCGTCGGTCGTGGCTTGATGATAGAAGTAATGATAGATGTAAACTATTGGGGGTTCTCGTATTATTGCGTCAGAGGTGGAATTCTTAGATTGCGCTACGACGCGCGAAAGCGAAAGCATTTGCCAAAGATGTTT	0	4	0	0	134	0	0	0
Eukaryota	Opisthokonta	Fungi	Ascomycota	Taphrinomycotina	Taphrinomycetes	Taphrina	Taphrina_ulmi	97	78	59	23	12	12	9	7	OTU_00630	AGCTCCAATAGCGTATATTAAAGTTGTTGCAGTTAAAAAGCTCGTAGTCGAACTTTGGGTGAAGGGAGTAGGTCAGTCTCTTAGGCTGTACTTGCTGTCTGATCCTTTTTCCTAGAGGTTGCTTTCGGGCAATGTTCTAGGTGTTTACTTTGAAGAAATTAGAGTGTTTAAGGCAGGCTTGTGCTTGAATACATTAGCATGGAATAATAGAATAGGACCTTGGTTTTATTTTGTTGGTTTTAATAACCAAGGTAATGATTAATAGGGACAATTGGGGACATTAGTATTCAGAAGCTAGAGGTGAAATTCTTGGATTTTCTGAAGACTAACTACTGCGAAAGCATTTGTCAAGGATGTTT	0	0	0	0	136	0	0	0
Eukaryota	Alveolata	Dinoflagellata	Syndiniales	Dino-Group-II	Dino-Group-II-Clade-10-and-11	Dino-Group-II-Clade-10-and-11_X	Dino-Group-II-Clade-10-and-11_X_sp.	99	33	31	31	31	31	31	31	OTU_00631	AGCTCCACTAGCGTATATTAAAGTTGCTGCGGTTAAAAAGCTCGTAGTTTGATATCTGTCAATGCTTTTCGGTTTGCTCTTTGAGATGGATTATGCATTCGCTTTGGCATCTACGCGTGAATCGGTGCTGTGCTTGATTGCATGGCTCTGTACTCGCGTCTTTTACTTTGAAGAAAATAGGGTGTTCACAGTAGGCAATTGTCTTGTATATATTAGCATGGGATAATAATCTAGGGTTTCGTGCTCTTTCAGGTGGCTCGAAGAGTGGAAGCAATGGTTAATAGGGGCTGTTGGGGGTCTTCGGATTATCGCGTCAGAGGTGGAATTCTTAGATTGCGCTACGACGCACGAATGCGAAAGCATTTGCCAAAGATGTTT	0	135	0	0	0	0	0	0
Eukaryota	Rhizaria	Radiolaria	Polycystinea	Nassellaria	Collosphaeridae	Siphonosphaera	Siphonosphaera_abyssi	84	14	12	12	12	12	12	11	OTU_00665	AGCTTCAGGGGCGAATATTAACGTTGTTGCAGTCAAAAAGCTCGTAGTCGAATTTTTTGTGGGCGTTGTGTGATTTGATTGGGTGTAAACCCTTCATGGTAGCACGATGCTGGCAATTCTTGGGTCGTAAGACCCTTTTTCACTGTAAAAAAATTAGAGTGTTTCAAACAGGACGTAGGTCTTGAATAGAATAGTATGGAATGATAAGATACGATGTTTTTCGTACTTGTTGGTTTATGGAAAAGCATAATGATGAATAGACGCGGTGGGAGGATTTTGTATTACCATGTCAGAGGTGAAATTCTTGGATTTTGGAAAGACAAACAAAAGCGAAGGCATTATTTCCGACGACGCCG	0	0	0	73	0	52	0	0
Eukaryota	Alveolata	Dinoflagellata	Syndiniales	Dino-Group-I	Dino-Group-I_X	Dino-Group-I_XX	Dino-Group-I_XX_sp.	100	75	72	60	60	60	60	60	OTU_00687	AGCTCCAATAGCGTATATTAAAATTGTTGCGGTTAGAACGCTCGTAGTCGAATGTTTGTTCAAGCCTGACGGTCCTCCCTAGTGGTGCGTACTCAGTTCGGTCTGAGCACTTCTCTGGTGCAAGTGTTTGCAGTTAGTTCTGTTGCACTTTGTCCAGAACTTTTACTTTGAGGAAATGAGAGTGCTTCAAGCAAATGTATGTTATGAATACGTTAGCATGGAATAATCGCATGGGACATCATCCTGAATTTGTTGGTTTTTGGGTAGATGTAATGAAGGTGGGGATAGTTGGGGGCATTCGTATTTAACTGTTAGAGGTGAAATTCTTGGATTTTTTAAAGATGGACTACTGCGAAAGCATCTGCCAAAGATGTTT	0	0	0	82	38	0	0	0
Eukaryota	Amoebozoa	Lobosa	Tubulinea	Arcellinida	Arcellinida_X	Cryptodifflugia	Cryptodifflugia_oviformis	98	67	66	66	49	45	43	23	OTU_00802	AGCTCCAATAGTGTATATTATTTTTGCTGTAGTTAAAAAGCTCGTAGTTGGATTTCGGAATGTGTTAGTCTAGGTCAGTCTAAATGGCTGTGCCCGACCGATGCTTCCTATCTTGAGGATTTTGCATGCCCTGCTTCGGCAGGTGTCTTGTACCTCATCGTTTACTGTGAACAAATTAGAGTGTTCAAAGCAGGTGTATCCGCCTTTGAATAGTTTAGCATGGGATAATAAAATAGGACCTCGGTTTTATTTTGTTGGTTTCTAGAGCTGAGGTAATGATTAAGAGGGACAGTTGGGGTCGCTCGTATTGAGTTGTCAGAGGTGAAATTCTAGGATTTACTCAAGACGAACTGATGCGAAAGCGTTCGACAAGGATGTTT	0	0	92	0	0	0	0	0
Eukaryota	Alveolata	Dinoflagellata	Syndiniales	Dino-Group-II	Dino-Group-II-Clade-10-and-11	Dino-Group-II-Clade-10-and-11_X	Dino-Group-II-Clade-10-and-11_X_sp.	100	30	28	27	27	27	27	27	OTU_00804	AGCTCCACTAGCGTATATTAAAGTTGCTGCGGTTAAAAAGCTCGTATTTTGATATCTGTCAATGCTTTTCGGTCTGCTCTTTGAGATGGATTATGCATTCGCTTTGGCATCTACGCGTGAATCGGTGCTGTGCTTGATTGCATGGCTCTGTACTCGCGTCTTTTACTTTGAAGAAAATAGGGTGTTCACAGTAGGCAATTGTCTTGTATATATTAGCATGGGATAATAATCTAGGGTTTCGTGCTCTTTCAGGTGGCTCGAAGAGTGGAAGCAATGGTTAATAGGGGCTGTTGGGGGTCTTCGGATTATCGCGTCAGAGGTGGAATTCTTAGATTGCGCTACGACGCACGAATGCGAAAGCATTTGCCAAAGATGTTT	0	0	0	0	0	0	0	92
Eukaryota	Amoebozoa	Conosa	Archamoebea	Mastigamoebida	Mastigamoebidae	Mastigamoeba	Mastigamoeba_simplex	93	28	21	20	12	12	12	12	OTU_00825	AGCTCCAGGAGTGTATATTAAAGTTGTTGCGGTTAAAAAGCTCGTAGTTGACATCTTACTGAAATCTGCTTTTCATTTCGATGACTTTGAATTAGCTTTACTTTCGTAATAACTTCATGTATTTGTGTTGAATTTGAATATTTGACTCGGATCTAAGTTTTACCTTGAAGAAATTAGAATGCTTAAATTAGATGAATGTAATGAATACTTGAGCATGGAATAATAAAATTGAATTTGGAAAGGTTTCGTTGGTACATCATTCCAATGTAACGATTAATAGGAATAGTTAGGGGTACTCGTATTTGATTGTCAGAGGTGAAATTCTTGGATTAATCAAAGACTATCTAGAGCGAAAGCATTTGCCAGAGATGTT	0	0	0	0	87	0	0	0
Eukaryota	Alveolata	Dinoflagellata	Dinophyceae	Dinophyceae_X	Dinophyceae_XX	Dinophyceae_XXX	Dinophyceae_XXX_sp.	100	36	35	35	21	21	18	18	OTU_00863	AGCTCCAATAGCGTATATTGAAGTTGTTGCGGTTAAAAAGCTCGTCGTTGGATTTCTGTTGAGGTCGAACAGTGCCGCCCTATGGGTGAGCAACTGGATCGGCTTCGGCATCTTCTTGGAGAGCGCATCTGCACTTAACTGTGTGGATCGTACTTCAAGTCAGTTACTTTGAGGAATTGTGAGTGTTTCAAGCAGGCTTACGCCGTTGAATCCGTTAGCATGGAATAATAGAATAGGACCTCGGTTCTATTTTGTTGGTTTTGAGAGCTGGGGCAGCGATTGATAGGGACGGATGGGGGCGTCCGAACTTTACTGTCAAAGGTGAAATTCTTAGATCGGTCAAAGGCGAACTACTGCGAACGCATTCGCCAAGAATGTTTTCT	0	0	0	0	0	82	0	0
Eukaryota	Alveolata	Ciliophora	Nassophorea	Nassophorea_X	Discotrichidae	Discotricha	Discotricha_papillifera	100	69	64	34	34	34	13	13	OTU_00881	AGCTCCGATAGCGTATATTAAAGTTGTTGCAGTTAAAAAGCTCGTAGTTGAACTTCTGACATGAGTTGGACAGGTATTATCTCTTTGAGAGCTTGTCCTTGTGTCATCCCATTAGATCCTGCATCACGATCTTAGTTGGTCGGTTGAGGGATCTATGAATTTACTTTGAAAAAATTAGAGTGTTTCAAGCAGGCTCTTGCTGGAATACATTAGCATGGAATAATAGAAAAGGACCTTAGTACGTCACTTTATTGGTACTATGACACTAGGTAATGATTAACAGGGACAGTTGGGGGCATTAGTATTATTTCAGAAGAGGTGAAATTCATTGATTGAGATGAGACTAACTTATGCGAAAGCATTTGCCAAGGATGTTT	14	0	0	0	65	0	0	0
Eukaryota	Amoebozoa	Lobosa	Tubulinea	Arcellinida	Arcellinida_X	Cryptodifflugia	Cryptodifflugia_oviformis	100	49	48	45	34	34	32	16	OTU_00899	AGCTCCAATAGTGTATATTATTTTTGCTGTAGTTAAAAAGCTCGTAGTTGGATTTCGGAATGCGTGTGTCTAGGCCGGTCTAAATGGCTTGGCCCGACGGACGCTTCCTCTCCTTTGGGTAGCAAGCCTCTGTGTTTGCTCCTGATCGTTTACTGTGAACAAATTAGCGTGTTCAAAGCAGGTATAACTTTGCCTTGAATAGTTTAGCATGGGATAATGGAATAGGACCTCGGTTTTATTTTGTTGGTTTCTAAAGCTGAGGTAATGATTAATAGGGACGGTTGGGGTCGCTCGTATTGAGTTGTCAGAGGTGAAATTCTAGGATTGACTCAAGACGAACTGATGCGAAAGCGTTCGACAAGGACGTTT	0	0	77	0	0	0	0	0
Eukaryota	Amoebozoa	Conosa	Archamoebea	Mastigamoebida	Mastigamoebidae	Mastigamoeba	Mastigamoeba_simplex	97	41	36	33	19	19	19	19	OTU_00924	AGCTCCAGGAGTGTATATTAAAGTTGTTGCGGTGAAAAAGATCGTAGTTGACATCTTACTGAAATCTGCTTTTCATTTCGATGACTTTGAATTAGCTTTAATTTCGTAATAACTTCATGTATTTGTGTTGAATTTGAATATTTGACTCGGATCTAGGTTTTACCTTGAAGAAATTAGAATGCTTAAATTAGATGAATGTAATGAATACTTGAGCATGGAATAATAAAATTGAATTTGGAAAGATTTCGTTGGTACATCATTCCAATGTAACGATTAATAGGAATAGTTAGGGGTACTCGTATTTGATTGTCAGAGGTGAAATTCTTGGATTAATCAAAGACTATCTAGAGCGAAAGCATTTGCCAGAGATGTT	0	0	0	0	73	0	0	0
Eukaryota	Opisthokonta	Metazoa	Cnidaria	Cnidaria_X	Anthozoa	Cerianthus	Cerianthus_filiformis	98	69	65	4	4	4	1	1	OTU_00962	AGCTCCAAAAGCGTATGTTAAAGTTGTTGCGTTTAAAAAGCTCGTAGTTCAGCATCTGCCGTTCAGCTCGAACACTTCCGCTGGTTGTAGTTGGAGTGGCTTGGCGCCCTCGGCAGTCCGCATATTGCACTTAATTTTGCGAAACGAGCTGCCGTCACGTACTTCGAAGAAATTAGATTGTTTCACGGTGGTTGGAGCTAAGAATATCAAAGCATGGAATAACAATTTTGACCTTGATTCTGATTTGTTGGCTTGTCAATTAAAGGTGATGGTCGATAGGGACGGTTGGGGGTTTTCGTACTTGACAGTCAGAGGTGAAATTCTTGGATTTGTCAATGACGAACTAATGCGAAAGCACTTTCCAAAGATGTTT	0	0	0	0	66	0	0	0
Eukaryota	Alveolata	Dinoflagellata	Dinophyceae	Peridiniales	Diplopsalidaceae	Preperidinium	Preperidinium_meunieri	100	56	51	51	14	2	0	0	OTU_00973	AGCTCCAATAGCGTATATTAAAGTTGCTGCGGTTAAAAAGCTCGTAGTTCCTTTTCTGGCAGGGTCAACTGGTCCATCCTCTGGGTGAGAACTTAGCTTGACTGTGCTACACTTTGGGAAGCTTGTCTACATTCGAATGTGTGGGCAGCGATCCAGATTCTTACTTTGAGGAAATTAGAATGTTTCAAGCAAGCGGTCGCCTTGAATATATGAGCATGGAATACTACGCGACTGCCTCGGTGCACCTTCGATTGGTTTCTATGGTTGAGGTAAGATTTTGTAGGGCCAGATGAGGGCATTTGTATTTAACTGTCAGAGGTGAAATTCTTGGATTTGTTAAAGACGGTCCAATGCGAAAGCATTTGCCAAGAATGTTC	0	20	0	0	44	0	0	0
Eukaryota	Alveolata	Dinoflagellata	Dinophyceae	Gymnodiniales	Gymnodiniaceae	Gymnodinium	Gymnodinium_impatiens	100	65	60	57	30	29	17	17	OTU_00987	AGCTCCAATAGCGTATATTAAAGTTGTTGCGGTTAAAAAGCTCGTAGTTGGACTTGTACGAAGGTTCGTTGGTCCGCCCTTTGGGTGTGTACTTTACGGTGTCCGTCGTCTCTCTGGAGAACGTTGCCATGCTCACGCGTGGTGCGGTATCCGGAGCATTTACTTTGAGGAAATTAGAGTGTTCTCGGCAGGCATTTGCCTTGAATATGTTAGCATGGAATAATGCGAAAAGGCCTCGGTTTTTCTTGTTGGTTTCTAACCCCGAGGTGATGATTAATATGAGCTGTTGGGGGCATCTGTATTTAACTGTCAGAGGTGAAATTCTTGGATTTGTTAAGGACAGACTAGTGCGAAAGCATTTGCCAAAGATGTTTTTC	0	0	0	0	62	0	0	0
Eukaryota	Amoebozoa	Conosa	Archamoebea	Mastigamoebida	Mastigamoebidae	Mastigamoeba	Mastigamoeba_simplex	98	29	23	22	15	15	15	15	OTU_00988	AGCTCCAGGAGTGTATATTAAAGTTGTTGCGGTTAAAAAGATCGTAGTTGACATCTTACTGAAATCTGCTTTTCATTTCGATGACTTTGAATTAGCTTTAATTTCGTAATAACTTCATGTATTTGTGTTGAATTTGAATATTTGACTCGGATCTAAGTTTTACCTTGAAGAAATTAGAATGCTTAAATTAGATGAATGTAATGAATACTTGAGCATGGAATAATAAAATTGAATTTGGAAAGATTTCGTTTGTACATCATTCCAATGTAACGATTAATAGGAATAGTTAGGGGTACTCGTACTTGATTGTCAGAGGTGAAATTCTTGGATTAATCAAAGACTATCTAGAGCGAAAGCATTTGCCAGAGATGTT	0	0	0	0	62	0	0	0
Eukaryota	Alveolata	Dinoflagellata	Syndiniales	Dino-Group-I	Dino-Group-I_X	Dino-Group-I_XX	Dino-Group-I_XX_sp.	96	59	54	43	43	43	43	43	OTU_00998	AGCTCCAATAGCGTATATTAAAATTGTTGCGGTTAGAACGCTCGTAGTCGAATGTTTGTTCAAGCCTGACGGTCCTCCCTAGTGGTGCGTACTCAGTTCGGTCTGAGCACTTCTCTGGTGCAAGTGTTTGCAGTTAGTTCTGTTGCACTTTGTCCAGAACTTTTACTTAGAGGAAATGAGAGTGCTTCAAGCAAATGTATGTTATGAATACGTTAGCATGGAATAATCGCATGGGACATCCTCCTGAATTTGTTGATTTTTGGTTAGATTTAATGAAGGTGGGGATAGTTGGGGGCATTCGTATTTAACTGTTAGAGGTGAAATTCTTGGATTTTTTAAAGATGGACTACTGCGAAAGCATCTGCCAAAGATGTTA	0	0	0	0	61	0	0	0
Eukaryota	Opisthokonta	Metazoa	Cnidaria	Cnidaria_X	Anthozoa	Isosicyonis	Isosicyonis_striata	100	59	53	12	12	5	4	4	OTU_01027	AGCTCCAATAGCGTATATTAATGCTGCTGCAGTTAAAACGCTCGTAGTTTGGGAGAGCCAAGGTGGACTCGTTGAGAGACGAGCCTGCCGTGGCAGAGGAGACGATGAAAGTTGTCTCGGGTGACTTTGAAGAAATTGGAGTGTTCATGGCGGGCGTGTAGCTTGAATACATTAGCATGGAATGACGGAGGCGACTTGCTCTGGCGGTTCGGAAGGAGGGAGCGCGAGGTTGAGAGGGACAGTTGGGGGCATTGGTATTCGGCGGAGAGAGGTGAAATTCTTGGACTCGCGGAGGACGAACTAGTGCGAAGGCATTTGCCAAGGATGTTT	57	0	0	0	0	0	0	0
Eukaryota	Rhizaria	Foraminifera	Monothalamids	Monothalamids_Clade-C	Monothalamids_Clade-C_X	Shinkaiya	Shinkaiya_lindsayi	97	7	6	6	6	6	6	6	OTU_01037	AGCTCCAAGGGTTTATATTAATGTTGCTGCGATTGAAACGCTCGTAGTTGATGATATGTGGGTCTTCTCCTGCATCCCTTCGGGGTGCTTTCGGAAATGTTGACCGACACCATGTTAGGCTTACTGGTTCACTTGACTGTGGGCCATTGGTCAGTGGTCCTTCACCTTGAAGGAATTAAAGTGTTTGAGGCGATGCTTGCAGCGGATTTTGAAGCATGGAATAAGCTAGAAAGTCGGACTTTCTCTCAGGGGCAGCGGGTCCGATTGACGCTTGGATAGGGGTTTACGGGGATGATCGTATTTGGCTGCTAGAGGTGAAATTCTTGGATTAGTCAAGGACTCTCGACGGCATAAGCATTTGTCAGACATGCTTTTT	0	0	0	0	57	0	0	0
Eukaryota	Opisthokonta	Metazoa	Arthropoda	Hexapoda	Insecta	Caenocholax	Caenocholax_fenyesi_texensis	99	60	58	43	39	39	5	5	OTU_01102	AGCTCCAATAGCGTATATTAAAGTTGTTGCGGTTAAAAAGCTCGTAGTCGAAATTATACGAATAATCAATACGTTTTTTGCTATGCAATTTACTATTGAAATCGTTTCAAGTATTATACTAAGAAATCAATGGCTGTACTTAATTGTGTGGTTATTCTTGTATAGTAGTTGTTGTTACTTTGAGGAAATTAGAGTGTTTCAAGCGTGCATTTGTCACGAATATATTAGCATGGAATGACAATATAGGTGTGTACCTGTTTAGTGGGTTACTTGTACATATATATGGTTAATAGAAGCAATTGGGGGCATTCGTACTTAACCGTCAGAGGTGAAATTCTTGGATTGGTTAATGACGATCAACTGCGAAAGCATTTGCCTAAGATGTTT	51	0	0	0	0	0	0	0
Eukaryota	Alveolata	Dinoflagellata	Dinophyceae	Peridiniales	Peridiniales_X	Glenodiniopsis	Glenodiniopsis_uliginosa	94	37	29	27	17	13	12	12	OTU_01113	AGCTCCAACAGCGTATATTAAAATTGTTGCGGTTAAAAAGCTCGTAGTTGAATTTCTGCATAGAAGGGACACCCCCACCCTTTGGGTGGGGTCTGTTGCCGTCTCTGCATATTCCGGAGTAGATATTCCTCACTTAATTGTGACGGTATCGTGCTTGGGTCCTTTACTTTGAGGAAAAGAGAGTGCTTCAAGCAGGCCCACGCCTGAATACGTTAGCATGGAACAACGTCATCGGATCAACGCCCAGCTACTGATGTCTGGACGAGGATAAAGGCGAACAGGGATTGTTGGGGGCATTCGTATTTAACTGTCAGAGGTGAAATTCTTGGATTTGTTGAAGACGAGCTACTGCGAAAGCATTTGCCAAAGATGTTC	33	0	0	0	17	0	0	0
Eukaryota	Alveolata	Dinoflagellata	Dinophyceae	Suessiales	Suessiales_X	Dactylodinium	Dactylodinium_pterobelotum	100	66	52	52	26	14	14	14	OTU_01141	AGCTCCAATAGCGTATATTAAAGTTGTTGCGGTTAAAAAGCTCGTAGTCTAAACTCAATCGACGTTGCGTTTTCACTTAGTGGAGATTGTAAACGTTGACACCTCTATTTGGTGGTCGTTACTTTGAGGAAATCAGAGTGTTTCAAGCAAGCTGTTGCTGTGAATACTAAAGCATGGAATAATGATATAAGACATTAACATTTTTCATTGGTTTAAAGGTTAGTGTAATGATTAATGGAAACAGGCAGGGGCATTCGTATTTAACTGTCAGAGGTGGAATTCTTGGATTTGTTAAAGACGAACTACTGCGAAAGCATTTGCCAGGTATGTGT	48	0	0	0	0	0	0	0
Eukaryota	Amoebozoa	Conosa	Archamoebea	Mastigamoebida	Mastigamoebidae	Mastigamoeba	Mastigamoeba_simplex	90	23	20	20	13	13	13	13	OTU_01151	AGCTCCAGGAGTGTATATTAAAGTTGTTGCGGTTAAAAAGATCGTAGTTGACATCTTACTGAAATCTGCTTTTCATTTCGATGACTTTGAATTAGCTTTAATTTCGTAATAACTTCATGTATTTGTGTTGAATTTGAATATTTGACTCGGATCTAAGTTTTACCGTGAAGAAATTAGAATGCTTAAATTAGATGAATGTAATGAATACTTGAGCATGGAATAATAAAATTGAATTTGGAAAGATTTCGTTGGTACATCATTCCAATGTAACGATTAATAGGAATAGTTAGGGGTACTCGTATTTGATTGTCAGAGGTGAATTTCTTGGATTAATCAAAGACTATCTAGAGCGAAAGCATTTGCCAGATATGTT	0	0	0	0	48	0	0	0
Eukaryota	Opisthokonta	Choanoflagellida	Choanoflagellatea	Choanoflagellatea_X	Choanoflagellatea_XX	Salpingoeca_XX	Salpingoeca_XX_sp.	98	64	10	10	10	10	10	10	OTU_01156	TTCTCCAGGAGCGTATATTAAAGTTGATGCAGTTAAAAAGCTCGTAGTCTGAGGTTTGGGCGCGGGGGTGGCGGGGGCGCAAGCTCCTGTTTGCCGTTGTGCCCAATTTTTGTGGACGGGTGGTGCGGGGCTCTTTGTTGAACCTCGTGCCGCTGCCACGGCTTTACTTTGAGAAAATTGGAGTGTTCAAAGCAGGCGTTTTTGCTTGAACAGATTAGCATGGAATAATGGAACAGGACTTTGGCCTTGTTTTGTTGGTTTCCGGGGCCGAGGTAATGATAAGTCGGGACAGTTGGGGGCATTCGTATTTAGTTGTCAGAGGTGAAATTCTTGGATTTACTACAGACGAACATCTGCGAAAGCATCTGCCAGGGATGTTT	0	0	47	0	0	0	0	0
Eukaryota:nucl	Hacrobia:nucl	Cryptophyta:nucl	Cryptophyceae:nucl	Cryptomonadales:nucl	Hemiselmidaceae:nucl	Hemiselmis:nucl	Hemiselmis_sp.:nucl	78	78	78	78	78	78	78	78	OTU_01163	AGCTCCAATAGCGTATACTAAAGTTGTTGCAGTTAAAAAGCTCGTAGTCGAATATAGGTTATTTGGATGCGCGAGCACTCTTGTTTAACTTGAGATGCTTGCGCCCATTAGCCGCCCTTGTGGAGCTCGATGTTCTTGATTATCAAGAACACTCAATCGATCCCACACATTACTGTGAACAAAATAGAGTGTTCATGGCAGGCCATTAGGGCTTGAATACCGCAGCATGGAATAATAGAATAGGACTTCCGGTTCTATTTTATTGGTTTTTGGAGCCGAAGTAATGATTAATAGGGATAGTTGGGGGCACTCGTACTCCGTTGTCAGAGGTGAAATTCTTGGATTGACGGAAGACGAACAACTGCGAAAGCATCTGCCAAGGATGTTT	46	0	0	0	0	0	0	0
Eukaryota	Alveolata	Dinoflagellata	Syndiniales	Dino-Group-I	Dino-Group-I_X	Dino-Group-I_XX	Dino-Group-I_XX_sp.	98	55	54	50	50	49	49	49	OTU_01168	AGCTCCAATAGCGTATATTAAAATTGTTGCGGTTAGAACGCTCGTAGTCGAATGTTTGTTCAAGCCTGACGGTCCTCCCTAGTGGTGCGTACTCAGTTCGGTCTGAGCACTTCTCTGGTGCAAGTGTTTGCAGTTAGTTCTGTTGCACTTTGTCCAGAACTTTTACTTAGAGGAAATGAGAGTGCTTCAAGCAAATGTATGTTATGAATACGTTAGCATGGAATAATCGCATGGGACATCCTCCTGAATTTGTTGATTTTTGGGTAGATGTAATGAAGGTGGGGATAGTTGGGGGCATTCGTATTTAACTGTTAGAGGTGAAATTCTTGGATTTTTTTAAGATGGACTACTGCGAAAGCATCTGCCAAAGATGTTA	0	0	0	0	46	0	0	0
Eukaryota	Archaeplastida	Chlorophyta	Chlorophyceae	Sphaeropleales	Sphaeropleales_X	Neodesmus	Neodesmus_danubialis	90	32	13	9	7	7	5	5	OTU_01182	AGCTCCAATAGCGTATATTTAAGTTGCTGCAGTTAAAAAGCTCGTAGTTGGATTTATAACGATATTGTTAGTCAAAATCATTGATTTTGTACTGATACTTATCTTTATTTAAACTACATTTCACAATAAGTTTAACACTTGTTGTAGTTGGTGTGGTTTGGTTACTATGAGTAAATTAAAATGTTCAAAGTAGGCGGTTGCTATGAATATATTAGCATGGAATAACAATATAGTACTTCAATCTATTTTGCTAACCTGTTAGACTGGAGTGATGATTAATAGGGACAGTTGGGGGCATTCGTATTTCATTGTCAGAGGTGAAATTCTTGGATTGATGAAAGACGAACTACTGCGAAGGCATTTGCCAAAGATGTTT	0	0	0	0	0	0	0	45
Eukaryota	Excavata	Metamonada	Preaxostyla	Oxymonadida	Polymastigidae	Monocercomonoides	Monocercomonoides_sp.	99	11	8	8	8	8	8	8	OTU_01188	AGCTCCAGGAGTGTATATTAAAGTTGTTGCGGTTAAAAAGCTCTTAGTTGACATCTTACTGAAACAAGCTTTTCATTTCGATGACTTTGAAACTGTTCTTGTTTCGTAATAACTTTATGAATTAGTGTTGGATTTGATTATTCGACATGACTCTAAGTTTTACCTTGAAGAAATTAGAATGCTTAAATTAGGTTTATGTAATGAATACTTTAGCATGGAATAACAACATTGAATTTGGAAAGATTCCGTTGGTTCATCATTCCAATGTAACGATTAATAGGAATAGTTAGGGGTACTCGTATTTGATTGTCAGAGGTGAAATTCTTGGATTAATCAAAGACTGTCTAGAGCGAAAGCATTTACCAGAGATGTT	0	0	0	0	44	0	0	0
Eukaryota	Alveolata	Dinoflagellata	Dinophyceae	Gymnodiniales	Gymnodiniaceae	Spiniferodinium	Spiniferodinium_palustre	100	72	68	68	23	23	12	7	OTU_01216	AGCTCCAATAGCATATATTAAAGTTGCTGCGGTTAAAAAGCTCGTAGTTGATATTCTGGCAGGGTCGACTGGTCCACCTTCTGGGTGAGAATTTAGCTTGGCTCGGCCACTTTCTGGCGAAGCTTTTTCACACTTGATTGTGTGAGAAGCTGCTCAGATCTTTACTTTGAGGAAATTAGAGTGTTTCAAGCAGGCGCACGCCTTGAATATGTGAGCATGGAATAATAAGATCTTGCCTCGACTCTGCTTTTGTTGGTTCCCATTGTTGGGGTAAGGATTTGTAGGGCCAGTTGGGGGCATTCGTATTTAACTGTCAGAGGTGAAATTCTTGGATTTGTTAAAGATGGCCCAGTGCGAAAGCATTTGCCAAGAATGTTC	0	0	0	0	42	0	0	0
Eukaryota	Stramenopiles	Opalozoa	Bicoecea	Pseudodendromonadales	Pseudodendromonadales_X	Siluania	Siluania_monomastiga	100	35	19	18	18	18	4	4	OTU_01262	AGCTCCAATAGCGTATATTAAAGTTGTTGCAGTTAAAAAGCTCGTAGTTGAATTTCTGGGGAGTTCGGTGGGTGCGCTTCACTGCGCAACCCGCAGGTTCTCTCCATCCTCGCAGGGATGGCGTCGGCATTCATTTGTCGCGTTCTGACCTGCGTCCTTTACTGTGAGAAAATTAGAGTGTTCAAAGCAGGCGTTTCGCTTGAATACATTAGCATGGAATAATGAGATAGGACTTCGGTCCTCCGCTGGTTGCGGATCGAGGTAATGATTAATAGGGACGGTTGGGGGCCTTCGTATTCAACTGTCAGAGGTGAAATTCTTGGATTTGTTGAAGACGAACAGCTGCGAAAGCGTTGGCCAAGGACGTGC	0	0	0	0	39	0	0	0
Eukaryota	Amoebozoa	Conosa	Archamoebea	Mastigamoebida	Mastigamoebidae	Mastigamoeba	Mastigamoeba_simplex	95	30	25	23	13	13	13	13	OTU_01297	AGCTCCAGGAGTGTATATTAAAGTTGTTGCGGTTAAAAAGATCGTAGTTGACATCTTACTGAAATATGCTTTTCATTTCGATGACTTTGAATTAGCTTTAATTTCGTAATAACTTCATGTATTTGTGTTGAATTTGAATATTTGACTCGGATCTAAGTTTTACCTTGAAGAAATTAGAATGCTTAAATTAGATGAATGTAATGAATACTTGAGCATGGAATAATAAAATTGAATTTGGAAAGATTTCGTTTGTACATCATTCCAATGTAACGATTAATAGGAATAGTTAGGGGTACTCGTACTTGATTGTCAGAGGTGAAATTCTTGGATTAATCAAAGACTATCTAGAGCGAAAGCATTTGCCAGAGATGTT	0	0	0	0	37	0	0	0
Eukaryota	Amoebozoa	Lobosa	Tubulinea	Arcellinida	Arcellinida_X	Cryptodifflugia	Cryptodifflugia_oviformis	97	48	32	30	29	24	19	11	OTU_01303	AGCTCCAATAGTGTATATTATTTTTGCTGTAGTTAAAAAGCTCGTAGTTGGATTTCGAAAGAAATTGATTTGAATCAATCTAAATGATTAGATTTAATTAATTCTTTCTCTTTTTTGAAATTATTATTTTTAATAATAGTTTTAAAACATTTACTGTGAACAAATTAGAGTGTTCAAAGCAGGTATATATCTTGCCTTTGAATAGTTTAGCATGGGATAATAAAATAGGACTTTTGCTTTATTTTATTGGTTTCTAAAGCTGAAAGTAATGATTAAGAGGGACAGTTGGGGTCGCTCGTATTGAGTTGTCAGAGGTGAAATTCTAGGATTGACTCAAGACGAACTGATGCGAAAGCGTTCGACAAGGATGTTT	0	0	36	0	0	0	0	0
Eukaryota	Hacrobia	Picozoa	Picozoa_X	Picozoa_XX	Picozoa_XXX	Picomonas	Picomonas_judraskeda	100	76	75	75	75	75	29	29	OTU_01323	AGCTCCAATAGCGTATATTAAAGTTGTTGCAGTTAAAAAGCTCGTAGTCGGATTTTGGCTCTCGGCGAACTGTCCGCCTACCGGTGAGTACGGATCGCCGATTGCTTCCTTTCGAACCCCTTTCCCGCTCTTCATTGAGTTGGGTTTGGTTTTCGGATCTTTTACTTTGAAAAAATTAGAGTGTTCAAAGCAGGCCAACGCACGAATAGGTTAGCATGGAATAATGGAATAGGACTTCCGTTCTATTTTGTTGGTTTCTAGGACAGAAGTAATGATTAATAGGGACAGTTGGGGGCATTCGTATTCCATTGTCAGAGGTGAAATTCTTGGATTAACGGAAGACGAACTTCTGCGAAAGCATCTGCCAAGGATGTTT	0	0	0	35	0	0	0	0
Eukaryota	Alveolata	Dinoflagellata	Syndiniales	Dino-Group-II	Dino-Group-II-Clade-10-and-11	Dino-Group-II-Clade-10-and-11_X	Dino-Group-II-Clade-10-and-11_X_sp.	100	27	24	23	23	22	22	22	OTU_01332	AGCTCCACTAGCGTATATTAAAGTTGCTGCGGTTAAAAAGCTCGTAGTTTGATATCTGTCAATGCTTTTCGGTCTGCTCTTTGAGATGGATTATGCATTCGCTTTGGCATCTACGCGTGAATCGGTGCTGTGCTTGATTGCATGGCTCTGTACTCGCGTCTTTTACTTTGAAGAAAATAGGGTGTTCACAGTAGGCAATTGTCTTGTATATATTAGCATGGGATAATAATCTAGGGTTTCGTGCTCTTTCAGGTGGCTCGAAGAGTGGAAGCAATGGTTAATAGGGGCTGTTGGGGGTCTTCGGATTATCGCGTCAGAGGTGGAATTCTTAGATTGCGCTACGACGCACGAATGCTTATTTGCCAAAGATGTTT	0	34	0	0	0	0	0	0
Eukaryota:nucl	Hacrobia:nucl	Cryptophyta:nucl	Cryptophyceae:nucl	Cryptomonadales:nucl	Hemiselmidaceae:nucl	Hemiselmis:nucl	Hemiselmis_sp.:nucl	72	72	72	72	72	72	72	72	OTU_01347	AGCTCCAATAGCGTATACTAAAGTTGTTGCAGTTAAAAAGCTCGTAGTCGAATATAGGTTGTTTGGATGCGCGAGCACTCTTGTTTAACTTGAGATGCTTGCGCCCATTAGCCGCCCTTGTGGGCCTCGATGTTCTTGATTATCAAGAATACTCAATCGATCCCACACATTACTGTGAACAAAATAGAGTGTTCATGGCAGGCCATTAGGGCTTGAATACCGCAGCATGGAATAATAGAATAGGACTTCCGGTTCTATTTTATTGGTTTTTGGAGCCGAAGTAATGATTAATAGGGATAGTTGGGGGCACTCGTACTCCGTTGTCAGAGGTGAAATTCTTGGATTGACGGAAGACGAACAACTGCGAAAGCATCTGCCAAGGATGTTT	0	0	0	0	34	0	0	0
Eukaryota	Rhizaria	Cercozoa	Endomyxa	Vampyrellida	Vampyrellida_X	Thalassomyxa	Thalassomyxa_sp.	98	70	70	56	55	48	48	48	OTU_01363	AGCTCCAATAGCGTATATTAAAATTGCTGCAGTTAAAAAGCTCGTAGTCAAAATTTTGTTACTGTAGACACGGGCCTCTCAATGAGTGTGCCCGGTACGTCTACAGTGCTTTTTCCTGTAACCTACCTCTTTTCTTAATTGATTGGTTGTAGTGTTTAGGTCATTTACTGTGAACAAACGAAAGTGTTCAAAGCAGGCATTTATGCCTGAATCTTTTAGCATGGAATAATAAGATAAGACTCCGGTTTTGTTTTATTGGCAATAAGACTGAAGTAATGATTGAAAGGGATAGTTGGGGGTGCTCGTATTCAGGGGCTAGCGGTGAAATGCGATGATTCTCTGAAGACGAACTAATGCGAAAGCATTCACCAAGGATATCTTCT	0	0	0	0	0	0	0	33
Eukaryota	Rhizaria	Radiolaria	Polycystinea	Spumellaria	Lithelidae	Lithelius	Lithelius_cf_alveolina	100	17	11	11	9	4	3	3	OTU_01379	AGCTCCAGTAGCGTACACTAACATTGTTGCAGTTAAAAAGCTCGTAGTTGGATTTCTGTGCGATGCTGACGGTCTGCTCCCTTTGGGACGCGGCACCAGTCGTGCGTCGTGCATCCTGTCGTGACCTGCTCTGGCCTTGATTGGTCGGAGTCCAGCAAGCGGCTCATTTACTTTGAGAAAAACAGAGTGTTCAAAGCAGGCCAGTGCCTTGAATGTTCCAGCATGGAATAATGACATAGGACTTCTGTCTTGGTTGTTGGTGTACGGGACCGAAGTAATGATTGAGAGGGACGGTTGAGGGCATTTCTACTGTCGGGCGAGAGGTGAAATTCGCGGACCCCGGCAAGAGAAACTACTGCGAAGGCATCTGCCAAGGACGTTCCCT	0	0	0	0	32	0	0	0
Eukaryota	Alveolata	Ciliophora	Nassophorea	Nassophorea_X	Discotrichidae	Discotricha	Discotricha_papillifera	100	80	80	60	60	60	43	43	OTU_01382	AGCTCCGATAGCGTATATTAAAGTTGTTGCAGTTAAAAAGCTCGTAGTTGAACTTCTGGCATGATGGCCATCCTTTTAGGTAGTGCTGTCTTTGTCATCCCCTTTGAATTAAAGACATGATCTTTGATGCTCAGTTTGGTATTCAAGGAATTTACTTTGAAAAAATTAGAGTGTTTCAAGCAAGCGATTCGCTGGAATACATTAGCATGGAATAATAGAATATGACCTCTGTTCATTGGTCCTATGTTTAGAGGTAATGATTAACAGGGACAGTTGGGGGCATTAGTACTGCTTTGTCAGAGGTGAAATTCATTGATTATCGCAAGACTAACTTATGCGAAAGCATTTGCCAAGGATGTTT	0	0	0	0	32	0	0	0
Eukaryota	Stramenopiles	Sagenista	Labyrinthulomycetes	Amphifilida	Amphifilaceae	Amphifila	Amphifila_sp.	98	25	24	24	24	24	20	20	OTU_01423	AGCTCCAAGAGGATATATCAAAGTTGTTGCAGTTGAAAAGCTCGTAGTTGAATTTCTGGGCCCGTTTGTTTGTTTTGTTTGTAAGAAATTGCAGGCAAAATGACAAGGGTCCATCATGCGGAATTGGTTACTTTTTGATTAAAGTAATGCCGCTCAGTCACTGAGAGCAAATTGGATCGCTCAAAGAAAGGTGTATGTCTTTGAACAATTAAGCTTGGAATGACAATCTATGACAAGTTATGGATTGTTGGTTGCCATGACTCGTAATGGTTAATAGGAACAGATTAGCGGGGCTATTTGTACTGGCGAGCTAGAGGTGAAATTCTTAGATTTCGTCAAGACAAACGACTGCGAAAGCATTTAGCAAGGTGAGTTTTTTTTTTTAATAATTAGATTTGAAATGTATGGTCTAACGGAGAGATTGAATAGGATGTTT	0	0	29	0	0	0	0	0
Eukaryota	Opisthokonta	Metazoa	Arthropoda	Hexapoda	Insecta	Dixella	Dixella_cornuta	99	58	56	38	24	24	3	3	OTU_01427	AGCTCCACTAGCGTATATTAAAGTTGTTGCGGTTAAAAAGCTCGTAGTTGGATATCTGCCAATGCGGTTCGGTCTGCTCTTTGAGATGGATTATGCATTAGCTTTGGCATCTACGTGCGCGGCGATACTGTGCTTGATTGCATGGTTCGCCCTTCGCGTCTTTTACTTTGAAGAAAATAGAGTGCTCACAGTAGGCAATAGTCTTGTATATATTAGCATGGGATAATGATCTAGGGCTTGCTGCTCTTTTAGGTGGCTCGGAGAGTGTAAGCAATGGTTAATAGGGGCTGTTGGGGGTCTTCGTATTATCGCGTCAGAGGTGGAATTCTTAGACTGCGCTACGACGCACGAATGCGAAAGCATTTGCCAAAGATGTTT	0	0	0	0	29	0	0	0
Eukaryota	Stramenopiles	Ochrophyta	Bacillariophyta	Bacillariophyta_X	Polar-centric-Mediophyceae	Mastodiscus	Mastodiscus_radiatus	100	72	67	41	41	37	6	6	OTU_01462	AGCTCCAATAGCGTATATTAATGTTGTTGCAGTTAAAAAGCTCGTAGTTGGATCTCTACCGCGCGCGGCCGGTCCGCCCCTCACGGGGTGTGCACTGCGCCGTCGCGCGGTATCCTGGGGGAGAGCGTCCCGCGCATTAGGTTGTGTGGGTCGGGATCCTCCACGTTTACTCAAAATAAATAAGAGTGTTCAAAGCAGGCGATTGCTGTGAATTCTTCAGTTGGGAATAATAAGATAGGACTCGGGGACTATTTTGTTGGTTTGCATCTCCGAGTAATGATTAATAGGGACAGTTGGAGATATTCATATTCAGTTGTCAGAGGTGAAATTCTTGGATTTACGGAAGATGAACTACTGCGAAAGCATTTATCGAGGATGTTTTCT	27	0	0	0	0	0	0	0
Eukaryota	Excavata	Metamonada	Preaxostyla	Oxymonadida	Polymastigidae	Monocercomonoides	Monocercomonoides_sp.	99	10	10	9	9	9	9	9	OTU_01469	AGCTCCAGGAGTGTATATTAAAGCTGTTGCGGTTAAAAAGCTCGTAGTTGACATTTTATTGAAATAGGCTTCCAAATTCGATGAATTAGGAATCGCTTCAATTTCGTAATAACTTTTTGAACTTGTGTTGAATTTGAATATTTGATTTAGTTATAAGTTTTACCTTGAAGAAATTAGAATGCTTAAATTGGATTTATGTAACGAATACTTTAGCATGGGATAATGAAATTGAATTTGGAAGGATTTCGTTGGCACATCATTCCAATGTAACGATTAATAGGAATAGTTAGGGGTACTCGTATTTGATTGTCAGAGGTGAAATTCTTGGATTAATCAAAGACTATCTAGAGCGAAAGCATTTGCCAAAGATGTT	0	6	0	0	21	0	0	0
Eukaryota	Alveolata	Dinoflagellata	Dinophyceae	Peridiniales	Thoracosphaeraceae	Pfiesteria	Pfiesteria_sp.	98	80	74	62	25	8	8	8	OTU_01476	AGCTCCAATAGCGTATATTAAAGTTGTTGCGGTTAAAAAGCTCGTAGTTGGGTTTCTGTTGGTGAATGACGGTCCGCCCTTTTGTGGTGAGCACTTGACATGGCCCCAGCATCTTCTTGGGGACTATAGTGCACTTTATTGTGTGGTGTACGACCCAGGACGTTTACTTTGAGGAAATAAGAGTGTTCCAAGCAGGCGTCAGCCTTGAATACGTTAGCATGGAATGATGGCATCGGACTGCGATTCGGAGCTATTGGTTGTTTGAATCGTAGTAAAGATGAATAGGGATTGTTGGGGGCATTCGTATTTGACTGTCAGAGGTGAAATTCTTGGATTTGTTGAAGACGGACTACTGCGAAAGCATCTGCCAAAGATGTTC	0	0	0	4	23	0	0	0
Eukaryota	Alveolata	Dinoflagellata	Dinophyceae	Peridiniales	Amphidomataceae	Azadinium	Azadinium_obesum	100	77	44	42	17	6	6	6	OTU_01507	AGCTCCAATAGCGTATATTAAAGTTGTTGCGGTTAAAAAGCTCGTAGTTGGATTTCTGCCGAGGACGCCCGGTCCGTCCCTTCGGGAACGCGATCAGGGTTTTGCCGAGGCATATCTTGGTATACGTGTTGGCACTTGATTGTGCTGCACGGCTACCAGGGCATTTACTTTGAGGAAATTAGAGTGTTTCAAGCAGGCGTCTGCCTTGAATACATTAGCATGGAATAATGGGATAGGACTTCGGTCCTATTTTGTTGGTTTCTGGGACTGAAGTAATGATTAATAGGGACAGTCGGGGGCATTCGTACTTAACTGTCAGAGGTGGAATTCTTGGATTTGTTAAAGACGAACTAGTGCGAAAGCATTTGCCAAGGATGTTT	0	25	0	0	0	0	0	0
Eukaryota	Amoebozoa	Lobosa	Tubulinea	Arcellinida	Arcellinida_X	Cryptodifflugia	Cryptodifflugia_oviformis	99	51	48	46	33	32	30	16	OTU_01509	AGCTCCAATAGTGTATATTATTTTTGCTGTAGTTAAAAAGCTCGTAGTTGGATTTCGGAATGCGTGTGTCTAGGCCGGTCTAAATGGCTTTGGCCCGACGGACGCTTCCTCTCCTTTGGGTAGTAGAACTTGTTTCTGCTCCTGATCGTTTACTGTGAACAAATTAGCGTGTTCAAAGCAGGTATAACTTTGCCTTGAATAGTTTAGCATGGGATAATGGAATAGGACCTCGGTTTTATTTTGTTGGTTTCTAAAGCTGAGGTAATGATTAATAGGGACGGTTGGGGTCGCTCGTATTGAGTTGTCAGAGGTGAAATTCTAGGATTGACTCAAGACGAACTGATGCGAAAGCGTTCGACAAGGACGTTT	0	0	25	0	0	0	0	0
Eukaryota	Excavata	Metamonada	Preaxostyla	Oxymonadida	Polymastigidae	Monocercomonoides	Monocercomonoides_sp.	96	11	9	9	9	9	9	9	OTU_01518	AGCTCCAGGAGTGTATATTAAATTTGTTGCGGTTAAAAAGCTCGTAGTTGACATCTTACTGAAACAAGCTTTTCATTTCGATGACTTTGAAACTGTTCTTGTTTCGTAATAACTTTATGAATTAGTGTTGGATTTGATTATTCGACATGACTCTAAGTTTTACCTTGAAGAAATTAGAATGCTTAAATTAGGTTTATGTAATGAATACTTTAGCATGGAATAACAACATTGAATTTGGAAAGATTCCGTTGGTTCATCATTCCAATGTAACGATTAATAGGAATAGTTAGGGGTACTCGTATTTGATTGTCAGAGGTGAAATTCTTGGATTAATCAAAGACTGTCTAGAGCGAAAGCATTTACCAGAGATGTT	0	0	0	0	25	0	0	0
Eukaryota	Alveolata	Dinoflagellata	Syndiniales	Dino-Group-II	Dino-Group-II-Clade-46	Dino-Group-II-Clade-46_X	Dino-Group-II-Clade-46_X_sp.	100	69	67	64	64	21	21	21	OTU_01530	AGCTCCAATAGCGTATATTTAAGTTGTTGCGGTAAAAAAGCTCGTAGTTGGATTTCTGTCGGGTGCCGGCGGTCCAAACCATGTTTGTGCATCTGCTTGGCGCTCGACATCCTGTTGCGGAGCGTTTCTGCGCTTGATTGCGTGGAGCGTACTGCAGCACTTTTACTTTGAGGAAATTAGAGTGTTCACGGCAGGCTGTCGCCAGAATACGTTAGCATGGAATAATACTATAGGATTCCGATCCTATTTTGTTGGTTTCTAGGTTCGGAATAATGATTAATAGGGACAATTGGGGGCATTTGTACGATCGCGTCAGAGGTGGAATTCTTGGATTGCGATCTGACAAACTACTGCGAAAGCATTTGCCAAGGATGTTT	0	24	0	0	0	0	0	0
Eukaryota	Alveolata	Dinoflagellata	Dinophyceae	Gymnodiniales	Gymnodiniaceae	Bispinodinium	Bispinodinium_angelaceum	98	34	24	24	13	13	8	8	OTU_01541	AGCTCCAAGAGCGTATATTAAAGTTGCTGCGGTTAAAAAGCTCGTAGTTGGATTTCAGTCTAGGAAGGTTAACTCGCCGAAAGGTTGTACGTTGATTTTCCTCAGACTTCGTCAGAAGCTCGTGCTGCACTTAACTGTGTGGTACGATGTTCTGACCTTTTACCTTGAGGAAAGTAGAGTGTTTCAGGCAGGCTACCCAGCTTGAATACATTAGCATGGAATAATGAAATGGATCTCGGTTCGATTTCGTTGGTTCTAGAGCTGAGGTGATGATCAATAGGAACAGGCGAAGGTATTCGTACTTGAGAATGAGGAGTGAAATCCGATGATCTCTTAAAGACGATCCGAGGCGAAAGCATTTGTCAAGGATGTTT	0	0	0	24	0	0	0	0
Eukaryota	Opisthokonta	Metazoa	Porifera	Porifera_X	Demospongiae	Phyllospongia	Phyllospongia_lamellosa	100	61	43	26	26	19	1	1	OTU_01553	AGCTCCAATAGCGTATATTAAAGTTGTTGCAGTTAAAAAGCTCGTAGTTGGATTTCGGGTTGCGCCGGCCGGTCCGCCCATGCGGTGTGCACTGGCCGGCGCTTCCTTCCGTCTGGAGGCCGTCACTTCCCTTAACTGGGCGGTGCCGGGGTTCAGATCGTTTACTTTGAAAAAATTAGAGTGTTTAAAGCAGGCTATTGCTCTGAATACATTAGCATGGAATAATGGAATAGGACTTTGGTCCTATTTTGTTGGTTTTCGGGACCGAAGTAATGATTAATAGGGACAGTTGGGGGCATTCGTATTTAATTGTCAGAGGTGAAATTCTTGGATTTATGAAAGACGAACTTCTGCGAAAGCATCTGCCAAGGATGTTT	0	0	0	0	24	0	0	0
Eukaryota	Rhizaria	Foraminifera	Monothalamids	Monothalamids_Clade-Y	Reticulomyxidae	Haplomyxa	Haplomyxa_saranae	90	25	25	12	12	12	11	11	OTU_01554	AGCTCTATTAGTGTATTCTAACGTTGTTGCAGTTAAAAAGCTCGTAGTTGAAATTTAGATATAATTAAATATCTGACAGATTTTTATATAGATAAATGCAAATTTTTTTATACAAAAAAATGTCTTTTACTGTGAACAAATTAAAGTGCTCAAAGCAGGTAATAGCCTGAATAGTAAAGCATGGAATAATAAAAAATGACTTATTTTATTTTTATTGGTTATTAAAATAAGTAATGGTTAACAGAAACAGTTGGGGGCATTCGTATTTATTAGCAAGAGGTAAAATTCTTTAATTTAATAAAGACGAACTAAAGCGAAAGCATTTGCCAAGGATGTTT	23	0	0	0	0	0	0	0
Eukaryota	Alveolata	Dinoflagellata	Dinophyceae	Gymnodiniales	Gymnodiniaceae	Spiniferodinium	Spiniferodinium_palustre	100	73	66	66	24	19	7	5	OTU_01570	AGCTCCAATAGCATATATTAAAGTTGCTGCGGTTAAAAAGCTCGTAGTTGATATTCTGGCAGGGTCGACTGGTCCACCTTCTGGGTGAGAATTTAGCTTGGCTCGGCCACTTTCTGGCGAAGCTTTTTCACACTTGATTGTGTGAGAAGCTGCTCAGATCTTTAGTTTGAGGAAATTAGAGTGTTTCAAGCAGGCGCACGCCTTGAATATGTGAGCATGGAATAATAAGATCTTGCCTCGACTCTGCTTTTGTTGGTTCCCATTGTTGGGGTAAGGATTTGTAGGGCCAGTTGGGGGCATTCGTATTTAACTGTCAGAGGTGAAATTCTTGGATTTGTTAAAGATGGCCCAGTGCGAAAGCATTTGCCAAGAATGTTC	0	0	0	0	23	0	0	0
Eukaryota:plas	Archaeplastida:plas	Chlorophyta:plas	Trebouxiophyceae:plas	Watanabea-Clade:plas	Watanabea-Clade_X:plas	Chloroidium:plas	Chloroidium_ellipsoideum:plas	4	4	4	4	4	4	4	4	OTU_01573	AGCTCCAAAAGTGTATATTCATGTTGCTGCGGTTAAAATGTTCGTAGTCGAATATGCGGTTGGCTGAATCTGGTGTGAAAGCTCGAGACGTGATACCTGACCACTTGTGAAGCGAATTTCAGGGTTCCGTATTTTCTGTGGTGTCACTGTGAGTAAATTGTAGCGTTTAAGGCAAGTTTGTCTGGAATATTTTAGCATGGAATGGAATTCGCTGCCACTTTCTTGATCTTTTCTTTAGATTGGGATTGGGATTAAAAGAAGCAGTTGGGGGCATTCGTATTTCAAAGTTAGAGGTAAAATTCTTAGATCTTTGTAGGACGTACATTTGCGAAAGCATCTGTCCAGGATGTTT	0	0	0	0	23	0	0	0
Eukaryota	Amoebozoa	Conosa	Archamoebea	Mastigamoebida	Mastigamoebidae	Mastigamoeba	Mastigamoeba_simplex	98	35	33	30	16	16	15	15	OTU_01575	AGCTCCAGGAGTGTATATTAAAGTTGTTGCGGTGAAAAAGATCGTAGTTGACATCTTACTGAAATCTGCTTTTCATTTCGATGACTTTGAATTAGACTTAATTTCGTAATAACTTCATGTATTTGTGTTGAATTTGAATATTTGACTCGGATCTAGGTTTTACCTTGAAGAAATTAGAATGCTTAAATTAGATGAATGTAATGAATACTTGAGCATGGAATAATAAAATTGAATTTGGAAAGATTTCGTTGGTACATCATTCCAATGTAACGATTAATAGGAATAGTTAGGGGTACTCGTATTTGATTGTCAGAGGTGAAATTCTTGGATTAATCAAAGACTATCTAGAGCGAAAGCATTTGCCAGAGATGTT	0	0	0	0	23	0	0	0
Eukaryota	Alveolata	Dinoflagellata	Syndiniales	Dino-Group-II	Dino-Group-II_X	Dino-Group-II_XX	Dino-Group-II_XX_sp.	100	80	77	69	69	42	42	42	OTU_01585	AGCTCCAATAGCGTATATTAAAGTTGTTGCGGTTAAAAAGCTCGTAGTTGGATTTCTGCCGAAGGGTGACGGTCTGCCTTATGGGCATGTATCTGTCAAGCTTTGGCATCCATACAAGAGGCGTTGCTGCACTTCATTGCGTGGCACGTACCTTGTATCTTTTACTTTGAGGAAATTAGAGTGTTCACAGCAAGCAAACGCTTTGAATATGTTAGCATGGAATAATAATATAGGACCTTGGATCTATTTTGTTGGTTTCTAGAACTAAGGTAATGATTAATAGGGACAGTTGGGGGCATTCGTATTAAGACGTCAGAGGTGGAATTCTTGGATTGTCTTACGACGAACTACTGCGAAAGCATTTGCCAAGGATGTTT	22	0	0	0	0	0	0	0
Eukaryota	Alveolata	Dinoflagellata	Syndiniales	Dino-Group-II	Dino-Group-II-Clade-16	Dino-Group-II-Clade-16_X	Dino-Group-II-Clade-16_X_sp.	100	77	74	67	67	64	64	64	OTU_01595	AGCTCCAATAGCGTATATTAAAGTTGTTGCGGTTAAAAAGCTCGTAGTTGGGTTTCTGCCGCAGCCCTGCGGTCCGCGCTTTGCGCGAGTACTCGTAGCGGCGTCGGCATCTCTCAGGCGTCCGCGACCGCGCTTGGTTGCGCGGCGCAGGCGCCTGGGCGTTTACTTTGAGGAAATTAGAGTGTTCACGGCAAGCGCGAGTTTGAATATGTTAGCATGGAATAATATCAAAGGGCCTCGGGTCTATTTTGTTGGATTCTGGATCTGGGGCAATGGTTAATAGGGATAATTGGGGGCATTCGTACTAACGCGTCAGAGGTGGAATTCTTGGATTGCGTTATGACGAACTACTGCGAAAGCATTTGCCAAGGGTGTTT	0	0	0	22	0	0	0	0
Eukaryota	Alveolata	Dinoflagellata	Syndiniales	Dino-Group-II	Dino-Group-II-Clade-46	Dino-Group-II-Clade-46_X	Dino-Group-II-Clade-46_X_sp.	99	37	36	29	29	3	3	3	OTU_01609	AGCTCCAATAGCGTATATTAAAGTTGTTGCGGTAAAAAAGTTCGTAGTTGGATTTCTGTTGACGACGACCGGTCCGTACCGCGTACGCGCATCTGGTTCGGCCTCGGCATCCTCTCGATAGACGCTTCTGCGCTTGACTGCGTGGTGCGGACTTCGGTACTTTTACTGTGTAGAGTGTTCACGGCAGGCTATCGCCAGAATACACTAGCATGGAATAATAATACAGGATCTCGGTTTTATCTTGTTGGTTTCTAGACTCGGGGCACTGATTAGTAGGGACAACCGGGGGCATTTGTATCAGCACGTCAGAGATGGAATTCCTGGATTGTGTTGCGACAAACTACCTCGAAAGCACTTGCCAAGGATGTTT	21	0	0	0	0	0	0	0
Eukaryota	Opisthokonta	Fungi	Chytridiomycota	Chytridiomycotina	Chytridiomycetes	Rhizophydium	Rhizophydium_chlorogonii	100	75	58	23	23	23	11	7	OTU_01612	AGCTCCAATAGCGTATATTAAAGTTGTTGCAGTTAAAAAGCTCGTAGTCGAATTTCGGGATTATTCACATGGTCTTGCTTTGCAAGTACTTTGTGGGTTTTCCTTTTTTCTTGGTAGATTACACACTGTGTAAAATGTCAAGACTTTTACTTTGAATAAATTAGAGTGTTTAAAGCAGGCTTTTGCTTGAATACATTAGCATGGAATAATAAAATAGGACTTTGGTTTTATTTTGTTGGTTTTAAGAACCAAAGTAATGATTAATAGGGACAGTTGGGGGCATTAGTATTTAGAAGTCAGAGGTGAAATTCTTGGATTTTCTAAAGACTAACTAGTGCGAAAGCATTTGCCAAGGATGTTT	0	21	0	0	0	0	0	0
Eukaryota	Amoebozoa	Conosa	Archamoebea	Mastigamoebida	Endolimacidae	Endolimax	Endolimax_nana	94	13	11	7	7	7	7	7	OTU_01650	AGCTCCAAGAGTGTATATTCATGTTGCTGCGGTTAAAATGTTCGTAGTCGAATATGTGGTTGGTCAAATCGGGTGTGAAAGCTAGAGACGTGATACCCGACTGCGCATGAGGCGAATTCTAGGGTTCTGTACCTTACGTGGTGTCACTGTGAGTAAATTGTAGCGTTTAAGGCAAGTTTGTCTGGAATACCTTAGCATGGAATGGAATTGCTGTCTCTATCTACGTCTTTTCTTTAGATTGGGACTTGGATTAAAAGAAGCAGTTGGGGGCATTCGTATTTCAAAGTTAGAGGTAAAATTCTTAGATCTTTGTAGGACGTACATTTGCGAAAGCATCTGTCCAGGATGTTT	0	0	0	20	0	0	0	0
Eukaryota	Alveolata	Dinoflagellata	Syndiniales	Dino-Group-II	Dino-Group-II-Clade-46	Dino-Group-II-Clade-46_X	Dino-Group-II-Clade-46_X_sp.	97	16	15	11	11	9	9	9	OTU_01674	AGCTCCATTAGCGTATATTAAAGTTGTTGCGGTAAAAAAGCTCGTAGTTGGATTTCTGTGAGGTCGGCCTGGTCCGCTCTATGAGTGTGTATTTGGGACTGACTTTGCATCCTGGTCGGAATTGTTACTGCGCTTCAGTGCGTGGTGCAAGTTCGGCCACCTTTACTTTGAGGAAATTGGAGTGTTTACGGCAGACGTTGTCATGAACAGTTTAGCATGGAATAATACCATAGGATCTCATTCCTATTTTGTTGGTTTCTAGGAAAGAGATAATGATTAATAGGGACGACTGGGGGTACTTGTATCATGACGTCAGAGGTGAAATTCTTGGATTGTCATGCGACAAACTGCTGCGAAAGCGTTTACCAAGGACGTTT	0	0	0	19	0	0	0	0
Eukaryota	Amoebozoa	Conosa	Archamoebea	Mastigamoebida	Mastigamoebidae	Mastigamoeba	Mastigamoeba_simplex	100	26	24	21	18	18	17	17	OTU_01700	AGCTCCAGGAGTGTATATTAAAGTTGTTGCGGTTAAAAAGCTCGTAGTTGACATCTTACTGAAATAAGCTTTTCATTTCGATGACTTTGGAATAGCTTCCATTTCGTAATAACTTCATGATTTTTTGTTGAATTTGAATATTCGACTTGGCTCTAAGATTTACCTTGAAGAAATTAGAATGCTTAAATTAGATGTATGTAATGAATACTTTAGCATGGAATAACAAAATTGAATTTGGAAAGATTTCGTTGGTATATCATTCCAATGTAACGATTAATAGGAATAATTAGGGGTACTCGTATTTGATTGTCAGAGGTGAAATTCTTGGATTAATCAAAGACTATCTAGAGCGAAAGCATTTGCCAGAGATGTT	0	0	0	0	18	0	0	0
Eukaryota	Alveolata	Dinoflagellata	Dinophyceae	Prorocentrales	Prorocentraceae	Prorocentrum	Prorocentrum_bimaculatum	98	21	14	14	1	1	1	1	OTU_01706	AGCTCCAATAGCATATATTAAAGTTGCTGCGGTTAAAAAGCTCGTAGTTGAGTCTCTAGCAAGGTCGACTGATCCATCTTCAGGGTGCGAATTTAGCTCGGCTCAGCTTCTTTCTGGCAAGGCTTCTCTGCACATCGGTCTGCAGATAGCTGCGCTGGCTTTTATTTTGAGAAAAATAAAGTTCTTCAAGCAGGCGTACGTCATGGATATGTGAGCATGGAATAATCATATATGCCTCGGCTCATATCTTGTTGGTTTCCATTGCTGAGGCAAAGGGTTGTAGGGCCAGATGGGGGCACTCGCATTTAACTGTCAGAGGTGAAATTCTTGGATTTGTTAAAGACGGCCCAGTGCGAAAGCATTTGCCAAGAATGTTC	0	0	0	0	18	0	0	0
Eukaryota	Excavata	Metamonada	Preaxostyla	Oxymonadida	Polymastigidae	Monocercomonoides	Monocercomonoides_sp.	93	7	6	6	6	6	6	6	OTU_01720	AGCTCCAATAGCGAATGCTAATTTTGCTGCAGTTAAAAAGCTCGTAGTCGAATTTCTGGTAGGAATATTTGTTTCCTTTGGATGAATGTCCATTGTTTTGAGATGAATTGTTCTGGCCATGTTTTTTCTTTTTTTTTTTGGAAAAAGAAAATCATTCACTGTAAAAAAATTAGGGTGTTTCAAGCATTTTATATGAAAGGAATATATTAGTATGGGATGATAAGATAAGTTTATTAATTTATTTTGTTGGTTTGTGATTAATAAAAATGATGAATAGGGACAGTTGGGGGTATTTATATTTGCATGTCAGAGGTGAAATTCTTGGATTTTGTAAAGATAAACTACTGCGAAGGCATTTACCAAGGATGTTT	0	0	17	0	0	0	0	0
Eukaryota	Alveolata	Dinoflagellata	Dinophyceae	Peridiniales	Protoperidiniaceae	Protoperidinium	Protoperidinium_fukuyoi	100	59	54	53	16	8	8	7	OTU_01756	AGCTCCAATAGCGTATATTAAAGTTGTTGCGGTTAAAAAGCTCGTAGTTGGACTTGTACGAAGGTTCGTTGGTCCGCCCTTTGGGTGAGCACTTTACGATGTCCGTCGTCTCTCTGGAGAACGTCGCCTTCCTTGTGTTGGTACGGTATCCGGAGCATTTACTTTGAGGAAATTAGAGTGTTCTCGGCAGGCATTTGCCTTGAATATGTTAGCATGGAATAATGCGAAAAGGCCTCGGTTTTTCTTGTTGGTTTCTAACCCCGAGGTGATGATTAATATGAGCTGTTGGGGGCATCTGTATTTAACTGTCAGAGGTGAAATTCTTGGATTTGTTAAGGACAGACTAGTGCGAAAGCATTTGCCAAAGATGTTTTTC	0	0	0	0	16	0	0	0
Eukaryota	Alveolata	Dinoflagellata	Syndiniales	Dino-Group-II	Dino-Group-II-Clade-46	Dino-Group-II-Clade-46_X	Dino-Group-II-Clade-46_X_sp.	100	19	8	2	2	2	2	2	OTU_01777	AGCTCCAATAGCATATGTTAAAGTTGTTGCGGTTAAAAAGCTCGTAGTTGGATTTCTGATCGGAGTTGTCGGGTCAGCCCATCGTTGTATCTAGACATGCTCCGGTCATATGCTACTCACTCACCCTCTGGCCTTAACTGGTTAGAGTCTGAACGTAGCGCTTTACTGTGAACAAATTAGAGTGTTTCTAGCAGGCTCTCGCCTTGAATATATTAGCATGGAATAATGACATAGGATCTCGGATATATTTGTTGGTTTATACATTCGAGATAATGATTAATAGGGACTGATGGGGGTATTCGTATTCATTTGTCAGAGGTGGAATTCTTGGATTTAATGAAGACGAATTTCTGCGAAAGCATTTGCCAATAATGTTT	0	0	0	15	0	0	0	0
Eukaryota	Rhizaria	Foraminifera	Monothalamids	Monothalamids_Clade-C	Monothalamids_Clade-C_X	Shinkaiya	Shinkaiya_lindsayi	90	20	16	14	13	13	13	13	OTU_01782	AGCTCCAAGAGTGTATACTAAAGTTGTTGCGGTTAAAACGTTCGTAGTCGATAATCGAGAATTATCGTTTATTGGAAATTGGATTTTTTTTTGGGAGTAGTGCATCGTAGTATACCTATGATTTAGCATCTATGTTACTGTGAGTAATTTAAAGTGTTCAAAGCAGGCTACTGTTTAGGGTGTCGTAGCATAGTATACATTGATTTCTGAGTACGGTTGTCAGTAATTTATTCGGTTCAAATTTTACAGGGGCGGACAGGGACATTCGTACTTCATTGTCAGAGGTAAAATTCTAGGATTTTTGTATGACGAACGGAAGCGTAAGCATTTGCCAGGAATGTTC	0	0	0	0	15	0	0	0
Eukaryota	Opisthokonta	Mesomycetozoa	Corallochytrea	Corallochytrida	Corallochytridae	Syssomonas	Syssomonas_multiformis	100	75	32	18	18	18	18	18	OTU_01817	AGCTCCAATAGCGTATATTAAAGTTGTTGCAGTTAAAAAGCTCGTAGTTGGATTTTGGATATCGTTCGTCGGTCCGCCGCAAGGTGAGTACTAACGAGTGGTGTCTTCCGGCTGAAGGCTGTGTGTGCTCTCTGAGTGTGCATAGAATTCAGCCAATTTACTTTGAAAAAATTAGAGTGTTCAAAGCAGGCCTTTGGCTTGAATACATTAGCATGGAATAACAGAATAGGACTTTGGCTCTATTTTGTTGGTTTCTAGGACCGAAGTAATGATTAATAGGGATAGTTGGGGGCATTAATATTTAATTGTCAGAGGTGAAATTCTTTGATTTATGAAAGATTAACTTCTGCGAAAGCATTTGCCAAGGATGTTT	0	0	0	0	0	0	0	14
Eukaryota	Opisthokonta	Metazoa	Ctenophora	Ctenophora_X	Ctenophora_XX	Haeckelia	Haeckelia_rubra	100	74	47	33	33	33	11	11	OTU_01825	AGCTCCAATAGCGTATATTAAAGTTGTTGCAGTTAAAAAGCTCGTAGTTGGATTTCGGGTTAGTTCGACCGGTCCGCCCTTGCGGTGTGCACTGGCCGGATTCTCCTTCCATCTGGAGGCCAGTCCTTATCTTAACTGATCGGGGCTGGGGTTCAGATCGTTTACTTTGAAAAAATTAGAGTGTTTAAAGCAGGCCTATGCTCTGAATACATTAGCATGGAATAATAGAATAGGACTTTGGTCTTATTTTGTTGGTTTTCGAGACCGAAGTAATGATTAATAGGGATAGTTGGGGGCATTCGTATTTAATTGTCAGAGGTGAAATTCTTGGATTTATGAAAGACGAACTTCTGCGAAAGCATTTGCCAAGGATGTTT	0	13	0	0	0	0	0	0
Eukaryota	Alveolata	Perkinsea	Perkinsida	Perkinsida_X	Perkinsida_XX	Perkinsus	Perkinsus_qugwadi	100	52	13	12	12	5	5	5	OTU_01846	AGCTCCAATAGCGTATATTAAAGTGGTTGCGGTTAAAAAGCTCGTAGTTGGATTTCTGTCTTAAGTGACCGTCCCACCTTCGGGTTGGTGACAGGTTCGCTAAAGACTTACGTTTTGTAAACACGGTATCACCTTGTTGTGGAACCGGTTTCTAAACACGTTACTTTGAGGAAATTAGGTTTCTGGAACTAAGGTATTGATTAATAGGAACAGTCGGGGGCATTCGTACTTAACAGTCAGAGGTGAAATTCTTGGATTTGTTAAAGACGAACTAATGCGAAAGCATTTGCCAAGGATGTTT	0	0	0	0	13	0	0	0
Eukaryota	Rhizaria	Foraminifera	Monothalamids	Monothalamids_Clade-C	Monothalamids_Clade-C_X	Shinkaiya	Shinkaiya_lindsayi	89	29	27	20	18	18	18	18	OTU_01849	AGCTCTAAAAGTGTATTTCATTGATGCTGCAGTTAAAACGCTCGTAGTTGGATTGAAAAGGATAATTTATTGATAGGTTGGTCGTAGCAGATGCTATTGTACTACTATCGATCCTTTTTTTAGTATTAGTGTATCTATAATGTACTTAATTGTATGTTATATCTAGCAATAGACTTAGGAGACCTAATAAATTTACTTTGAGTAAAATAGAGTGTTTAAAGCAACCTGTAATTGGGGTACTGTATATTTCAGCATGGGATAATAGAATATGACTTGTATTAGTTTGGTTTTAGTAATATAAGTAATGATTAATAGGGACAGTCGGGGGTAATTGTATTTAGTTGTTAGAGGTGAAATTCAGTGATCTACTAAAGACAAACCAAAGCGAAGGCAGTTGTTAACCAAGGATGTTT	0	0	0	0	13	0	0	0
Eukaryota	Alveolata	Perkinsea	Perkinsida	Perkinsida_X	Perkinsida_XX	Perkinsus	Perkinsus_qugwadi	100	51	7	6	6	6	6	4	OTU_01850	AGCTCCAGTAGCGTATATTAAAGTTGTTGCGGTTAAAAAGCTCGTAGTTGGATTTCTGTTGAGGTTGACCGGTCTGTCGTTTGATGTGATTTGGTTCGACTGAGACAATTTTTTGGTGTTGTCAAATATTGCATTTTTCAATAACCAAATTTTTACTTTGAGGAAATTAGAGTGTTTCAAGCAGGTTTAATGCCATGAATACTTTAGCATGGAATAATAAGGTATGACTTAGGTTTTATTTTGTTGGTTTCTAAAGCTTAAGTAATGATTAATAGGGACAGTCGGGGGCATTCGTATTTAATTGTCAGAGGTGAAATTCTTGGATTTGTTAAAGACGAACTAATGCGAAAGCATTTGTCAAGGATGTTT	0	0	0	0	13	0	0	0
Eukaryota	Alveolata	Dinoflagellata	Dinophyceae	Gonyaulacales	Ceratiaceae	Tripos	Tripos_declinatus	100	29	27	26	4	3	3	1	OTU_01856	AGCTCCAATAGCGTATATTAAAGTTGTTGCGGTTAAAAAGTTCGTAGTTGGATTTTTGTTGAAGACGGGGGGGTCCACCCTTTGGGTGCGTATTCTGGCTGTCTTCGGCACTGGCGCAGAGGGCCGCTCTGCAGTTGATTCTGTGGGGTGGAACTCGCGGCCTTTTACTTTGAGGAAATTAGAGCGCTTCGAGCCAGCATCTGCTAATATACACTAGCATGGAATAATACGTGAGAATCTTGAATTTGTTTTGTTGGTTTCAGACACAAGATTTTGATTGATAGGGATAGCTGGGGGCATTCGTATTTGATTGTTAGAGGTGAAATTCTTGGATTTGTCAAAGACGCCCTACTGCGAAAGCATTTGCCAAATATGTTT	12	0	0	0	0	0	0	0
Eukaryota	Alveolata	Dinoflagellata	Dinophyceae	Gonyaulacales	Gonyaulacaceae	Amylax	Amylax_triacantha	99	48	42	39	14	8	8	8	OTU_01881	AGCTCCAATAGCGTATATTAAAGTTGTTGCGGTTAAAAAGCTCGTAGTTGGACTTGTGCGAAGGTTCGCTGGTCTGCCCTGTGGGTTTGCACCTTGCGATGTCCGTCGTCTCTCTGGAGAACGTTTCGAGGTTCGCGCCTCGTGCGGTATCCGGAGCATTTACTTTGAGGAAATTAGAGTGTTCTCGGCAGGCTTTTGCCTTGAATATGTTAGCATGGAATAATGCGAAAAGGCTCGGGCTTTTCTTGTTGGTTACAAACGCTTGAGTGATGATTAATATGAGCTGTTGGGGGCATCTGTATTTAACTGTCAGAGGTGAAATTCTTGGATTTGTTAAGGATAGACTAGTGCGAAAGCATTTGCCAAAGATGTTTTTC	0	0	0	0	12	0	0	0
Eukaryota	Opisthokonta	Fungi	Ascomycota	Pezizomycotina	Dothideomycetes	Phoma	Phoma_incompta	100	68	36	27	19	11	8	8	OTU_01893	AGCTCCAATAGCGTATATTAAAGTTGTTGCAGTTAAAACGCTCGTAGTTGAAGCGGATTGAGTTGCGGTTCCGCCGCGAAAGCGGTGGATCAGTGGTTCGGTCTTTCGGTGCGTAACCGCACCGGGTTACTTTGAAGAAATTAGAGTGTTCAAAGCAAGCATCGCTTGAATACGTTAGCATGGAATAACAGTCGGACTCTGCTCCGTTGGTTTGGGGGGCTGAGGAAAAGTGGTTAATAGGGACAATTGGGGGCATTAGTATTCAGTAGTCAGAGGTGAAATTCTTGGATTTACTGAAGACTAGCTAGTGCGTAAGCATTTGCCAAGGGTGTTT	0	11	0	0	0	0	0	0
Eukaryota	Opisthokonta	Metazoa	Cnidaria	Cnidaria_X	Anthozoa	Isosicyonis	Isosicyonis_striata	100	62	27	6	6	6	5	5	OTU_01924	AGCTCCAATAGCGTATATTAAAGTTGTTGCAGTTAAAACGCTCGTAGTCTGAGGTGGTGCTAGTGGGGGCGCGGCCTTATTTAGGCTGTGCTCTTGCAGCGCTTTTTTGTTATACTTAGGTGTGACAAGGTTACTTTGAGGAAATTAGAGTGTTCAAAGCAGGCGTTTGCTTGGATACTGCAGCATGGAATAACGGAATAGGGCTTGCCGTCTTATTTTGTTGGTTTGGAGGGGCGAGTAATGATTAATAGGGGCGGTTGGGGGCATTGGTATTTGGTAGCTAGAGGTGAAATTCTTGGATTTACCAAAGACTAACTAGTGCGAAAGCATTTGCCAAGGATGTTT	0	10	0	0	0	0	0	0
Eukaryota	Alveolata	Dinoflagellata	Dinophyceae	Prorocentrales	Prorocentraceae	Plagiodinium	Plagiodinium_belizeanum	99	57	57	56	24	24	21	12	OTU_01953	AGCTCCAGTAGCGTATACTAAAGTTGTTGCGGTTAAAACGCTCGTAGTTGGACTTCTGGCTTGGACGACCGGTCCGTCCCTTGGACGCGTATCTGGCTCGGCCTAGCCATCTTGGTTGCGGTTGTGCCCTTCATTGGGTTCGCCGTTACCCGATTACTTTGAGGAAATGAGAGTGTTCTAAGCAGGCGTTCGCCTTGTATACTTTAGCATAGAATAATAAGATAAGATCTGGGTCTTGTTTTGTTGGTTCACCGGGCTCGGATAATGATCAAGAGGAACAGGTCGGGGGCATTCGTATTCAACTGTCAGAGGGTCTTGGATTTGTTGAAGACGGACTACTGCGAAAGCATTTGCCAAGGATGTTT	9	0	0	0	0	0	0	0
Eukaryota	Opisthokonta	Choanoflagellida	Choanoflagellatea	Choanoflagellatea_X	Choanoflagellatea_XX	Salpingoeca_XX	Salpingoeca_XX_sp.	95	63	15	15	14	14	14	14	OTU_01956	TTCTCCAGGAGCGTATATTAAAGTTGATGCAGTTAAAAAGCTCGTAGTCTGAGGTTTGGGCGCGGGGGTGGCGGGGGCGCAAGCTCCTGTTTGCCTTTGTGCCCAATTTTTGTGGACGGGTGGTGCGGGGCTCTTTGTTGAACCTCGCACCGCTGCCACGGCTTTACTTTGAGAAAATTGGAGTGTTCAAAGCAGGCGTTTTTGCTTGAACAGATTAGCATGGAATAATGGAACAGGACTTTGGCCTTGTTTTGTTGGTTTCCGGGGCCGAGGTAATGATAAGTCGGGACAGTTGGGGGCATTCGTATTTAGTTGTCAGAGGTGAAATTCTTGGATTTACTACAGACGAACATCTGCGAAAGCATCTGCCAGGGATGTTT	0	9	0	0	0	0	0	0
Eukaryota	Excavata	Discoba	Euglenida	Aphagea	Rhabdomonadales	Menoidium	Menoidium_cultellus	100	11	7	7	6	5	5	2	OTU_01958	AGCTCCACTAGCGTATATTAAAGTTGCTGCGGTTAAAAAGCTCGTAGTTTGATATCTGTCAATGCTTTTCGGTCTGCTCTTTGAGATGGATTATGCATTCGCTTTGGCATCTACGCGTGAATCGGTGCTGTGCTTGATTGCATGGCTCTGTACTCGCGTCTTTTACTTTGAAGATAAAAGGGTTGTCACAGTGGACAATTGTCTTTAATATATTAGCATGGGATAATAATCTAGGGTTTCGTGCTCTTTCAGGTGGCTCGAAGAGTGGAAGCAATGGTTAATAGGGGCTGTTGGGGGTCTTCGGATTATCGCGTCAGAGGTGGAATTCTTAGATTGCGCTACGACGCACGAATGCGAAAGCATTTGCCAAAGATGTTT	0	9	0	0	0	0	0	0
Eukaryota	Alveolata	Ciliophora	Karyorelictea	Karyorelictea_X	Geleiidae	Geleiidae_X	Geleiidae_X_sp.	100	6	4	4	4	3	3	3	OTU_01976	AGCTCCAGTAGCGTATATTAAAGTTGTTGCAGTTGAAACGCTCGTAGTCGGACTTCTTTTCCACCCTTGTGGAAAATCTGCTGATCATCTTGCTGATCATCACGATCGGTAAGTCAATGACAGCATGTCACCTTGAGGAAATTAAAGTGTTCAAGGCAGGCTTAGCCTGAATACTGTAGCATGGAATGGCACCATTGTGCAAACAAGAGGTGCGGGTGCTCTTGTGAGGCAAAGGTCGATAGGGGCAGTCGTGGGCATTGGTACTGGGGCGTGAGAGGTGAAATTCTTGGATCGTCTCAAGACCAACGAAAGCGAAAGCATCTGCCAAGGATGTCT	0	0	0	0	9	0	0	0
Eukaryota	Archaeplastida	Chlorophyta	Mamiellophyceae	Mamiellales	Bathycoccaceae	Bathycoccus	Bathycoccus_oceanicus	100	48	48	48	48	48	48	47	OTU_01982	AGCTCCAATAGCGTATATTTAAGTTGTTGCAGTTAAAAAGCTCGTAGTTGGATTCTGGTTAAGAGGGCGCGGTCGGCCGTTTGGTCTGTACTGCGTTGTCTTGACTTCCTGATGAGGACATGCCCTTGGTTAACGCTGAGACATGGAGTCATCGTGGTTACTGTGAAAAAATTAGAGTGTTTAAAGCAGGCTTATGCCGTTGAATATATTAGCATGGAATAATAAGATAGGACTTTGAGTCTATTTTGTTGGTTTGTGAATCAAAGTAATGATTAATAGGGACAGTTGGGGGTATTCGTATTTCATTGTCAGAGGTGAAATTCTTGGATTTCTGAAAGACGAACTACTGCGAAAGCATTTACCAAGGATGTTT	8	0	0	0	0	0	0	0
Eukaryota	Alveolata	Dinoflagellata	Dinophyceae	Dinophysiales	Dinophysiaceae	Dinophysis	Dinophysis_acuta	100	40	29	29	6	6	6	0	OTU_01984	AGCTCCAATAGCGTATATTAAATTTGTTGCGGTTAAAAAGCTCGTAGTTGGATTTTAGTCAATGTTGCCCGGTCCGTCTGCATAGATGTGTATCTGGCGCGACAGAGACGCCTTCTGAATGTAGTTCATTTCTTAATTGATTTGAGTGAAATTCAGGTTTTTACTTTGAGGAAATTAGAGTGTTTCAAGCAGGCTTATGCCTTGAATATATTAGCATGGAATAATATTATAGGACTTTGGTTCTATTTTGTTGGTTTATAGAACAAAAGTGTTGATTAATAGGGACAGTCGGGGGCATTTGTACTTAACTGTCAGAGGTGAAATTCTTGGATTTGTTAATGACAAACAATTGCGAAAGCATTTGTCAAGGATGTTT	0	8	0	0	0	0	0	0
Eukaryota	Opisthokonta	Fungi	Cryptomycota	Cryptomycotina	Cryptomycotina_X	Cryptomycotina_XX	Cryptomycotina_XX_sp.	100	70	41	33	33	33	33	33	OTU_01989	AGCTCCAATAGCGTATATTAAAGTTGTTGCAGTTAAAACGCTCGTAGTCTGAGGTGGTGTTTGGGAGGGTTTGGCCTTGAGAAATTGAGGCTGTGCCCTTGCAGCGCTTTTTTGTCATACTTAGGTGTGACAAGGTTACTTTGAGGAAATTAGAGTGTTCAAAGCAGGCGTTTGCTTGGATACTGCAGCATGGAATAACGGAATAGGGCTTGCCGTCTTATTTTGTTGGTTTGGAGGGGCGAGTAATGATTAATAGGGGCGGTTGGGGGCATTGGTATTTGGTAGCTAGAGGTGAAATTCTTGGATTTACCAAAGACTAACTAGTGCGAAAGCATTTGCCAAGGATGTTT	0	8	0	0	0	0	0	0
Eukaryota	Alveolata	Dinoflagellata	Syndiniales	Dino-Group-II	Dino-Group-II-Clade-10-and-11	Dino-Group-II-Clade-10-and-11_X	Dino-Group-II-Clade-10-and-11_X_sp.	99	36	26	26	26	25	25	25	OTU_01990	AGCTCCACTAGCGTATATTAAATGCTCTTTGAGATGGATTATGCATTCGCTTTGGCATCTACGCGTGAATCGGTGCTGTGCTTGATTGCATGGCTCTGTACTCGCGTCTTTTACTTTGAAGAAAATAGGGTGTTCACAGTAGGCAATTGTCTTGTATATATTAGCATGGGATAATAATCTAGGGTTTCGTGCTCTTTCAGGTGGCTCGAAGAGTGGAAGCAATGGTTAATAGGGGCTGTTGGGGGTCTTCGGATTATCGCGTCAGAGGTGGAATTCTTAGATTGCGCTACGACGCACGAATGCGAAAGCATTTGCCAAAGATGTTT	0	8	0	0	0	0	0	0
Eukaryota	Alveolata	Ciliophora	Nassophorea	Nassophorea_X	Discotrichidae	Lopezoterenia	Lopezoterenia_sp.	99	72	72	50	50	50	17	17	OTU_02009	AGCTCCGATAGCGTATATTAAAGTTGTTGCAGTTAAAAAGCTCGTAGTTGAACTTCTACTAGATTTTCGTTGCCTTTCGGTTTGATGAGAATCTGGTATCCCCTTTGATCTATCGGCATGCACTTAGTTGAGCAGTTGTAAGATCAAGGAATTTACTTTGAAAAAATTAGAGTGTTTCAGGCAGGCGAATTGCTGGAATACATTAGCATGGAATAATAGAACACGACCTCTTTGTCAATTTATTGGTCTTTTGGTAGGAGGTAATGATTAACAGGGACAGTTGGGGGCATTAGTATTGTATTGTCAGAGGTGAAATTCATTGATTAATGCAAGACTAACTTATGCGAAAGCATTTGCCAAGGATGTTT	0	0	0	0	8	0	0	0
Eukaryota:plas	Archaeplastida:plas	Chlorophyta:plas	Trebouxiophyceae:plas	Watanabea-Clade:plas	Watanabea-Clade_X:plas	Chloroidium:plas	Chloroidium_ellipsoideum:plas	9	9	9	9	9	9	9	9	OTU_02027	AGCTCCGTTAGTGTATTCAAAAGTTGTTGCTGTTAAAACGCTCGTAGTCGAGATTGGACGCTGCCCGAACTGTCCGTCCTAGTGGCGTGCACGGTGCGGGCGGTGTCTCTGTGTGCGCGTGGCTTTGTCGCGAGCACACCATTTACCTAAAGGAAATCGAATCGCTCCAAGAAGGCCTTTGGCCGTGGACGCTTCAGTTTGGAATAATGAAATATGACATTGTCTCTTTTTCGTTGGTTTATAGAGTGATGTAATGATTAATGGGAACGGTTGGGGTTGTCTGTACTTCCAGGTTAGAGGTGAAATTCAGTTATCCAGGAAAGACAAACTACTGCGAAGGCATTCAACCGGGACGTTT	0	7	0	0	0	0	0	0
Eukaryota	Opisthokonta	Fungi	Chytridiomycota	Chytridiomycotina	Chytridiomycetes	LKM11-Rozella	LKM11-Rozella_sp.	100	56	26	9	9	8	8	8	OTU_02030	AGCTCCAATAGCGTATATTAATGCTGCTGCAGTTAAAACGCTCGTAGTCGAAGGTGGGTGGTGGGTTGGGGGGAGGCGTGAGCTTTCTCCCAACTCTCCGCCTTTGGGGGGAGACTCCCGGTTACTTTGAAGAAATTAGAGTGTTCAAAGCGGGCATTTGCTTGAATACATTAGCATGGAATAACGGTGGACTTTTAGCCATTAGTTGGTTTGGGGCTTGAAGAGAGGATTAAGAGGGACAGATGGGGGCATTGGTATTCAGTAGTCAGAGGTGAAATTCTTGGATTTACTGAAGACTAACTAGGGCGAAAGCATTTGCCAAGGATGTTT	0	7	0	0	0	0	0	0
Eukaryota:plas	Archaeplastida:plas	Chlorophyta:plas	Trebouxiophyceae:plas	Watanabea-Clade:plas	Watanabea-Clade_X:plas	Chloroidium:plas	Chloroidium_ellipsoideum:plas	11	10	10	10	10	10	10	10	OTU_02033	AGCTCCAAGAGTGTATATTCATGTTGCTGCGGTTAAAATGTTCGTAGTCGAATATGTGGTTGGCCAAATCTGGTGTGAAAGCTAGAGATGTGATACCTGACCGCGGGTGAGGAGAATTCTAGGGTTCCGTATTTTCCGTGGTGTCACTGTGAGTAAATTGTAGCGTTTAAGGCAAGTTTGTCTGGAATACCTTAGCATGGAATGGAATTTGCTGTCTCTATCTATGTCTTTTTGATAGATTGGGACTTGGATTAAAAGAAGTAGTTGGGGGCATTCGTATTTCAAAGTTAGAGGTAAAATTCTTAGATCTTTGTAGGACGTACATTTGCGAAAGCATCTGTCCAGGATGTTT	0	0	0	7	0	0	0	0
Eukaryota	Stramenopiles	Ochrophyta	Bacillariophyta	Bacillariophyta_X	Polar-centric-Mediophyceae	Mastodiscus	Mastodiscus_radiatus	100	76	71	53	53	46	9	9	OTU_02037	AGCTCCAATAGCGTATATTAATGTTGTTGCAGTTAAAAAGCTCGTAGTTGGATCTCTAACGCACGCGGCCGGTCCGCCCCTCACGGGGTGTGCACTGCGCCGTCGTGCGTTATCCTGGGGGAGAGCGTCCCGCGCATTAGGTTGTGTGGGTCGGGATCCTCCACGTTTACTCAAAATAAATAAGAGTGTTCAAAGCAGGCGATTGCTGTGAATTCTTCAGTTGGGAATAATAAGATAGGACTCGGGGACTATTTTGTTGGTTTGCATCTCCGAGTAATGATTAATAGGGACAGTTGGAGATATTCATATTCAGTTGTCAGAGGTGAAATTCTTGGATTTACGGAAGATGAACTACTGCGAAAGCATTTATCGAGGATGTTTTCT	0	0	0	0	7	0	0	0
Eukaryota	Archaeplastida	Chlorophyta	Mamiellophyceae	Mamiellales	Mamiellaceae	Mantoniella	Mantoniella_antarctica	100	61	61	61	61	61	48	31	OTU_02042	AGCTCCAATAGCGTATATTTAAGTTGTTGCAGTTAAAAAGCTCGTAGTTGGATTTCGGGATCGAGCTGACGGTCCGCCGCGAGGCGAGCCACCGTCTGTCCCAGCCCCTGCCTGTCGGCGCCTCCTCGATGCTCTTAACTGAGTGTCCCGCGGGGTCCGAAGCGTTTACTTTGAAAAAATTAGAGTGTTCAAAGCGGGCTTACGCTTGAATATTTCAGCATGGAATAACACTATAGGACTCCTGTCCTATTTCGTTGGTCTCGGGACGGGAGTAATGATTAAGAGGAACAGTTGGGGGCATTCGTATTTCATTGTCAGAGGTGAAATTCTTGGATTTATGAAAGACGAACTTCTGCGAAAGCATTTGCCAAGGATGTTT	0	0	0	0	7	0	0	0
Eukaryota	Opisthokonta	Fungi	Basidiomycota	Agaricomycotina	Agaricomycetes	Xylodon	Xylodon_sp.	100	58	27	10	8	8	5	5	OTU_02049	AGCTCCAATAGCGTATATTAAAGTTGTTGCAGTTAAAAAGCTCGTAGTTGAAGGAGGGGCGACGGGACGGGGTGAATCGCAAGATTGGACGCTGTCGCGTTGCCCAGAGAGGGCGGCAGGCTGGGGGCCGAGCGATCGGGACCGGGCCAGACCGACCGAGTTACTGTGAAGAAATTAGAGTGTTTAAAGCAAGTAGGATAGCTTGAATAGGCCAGCATGGAATAACAAGATAGGACATTGGGCCTCTTGTTGGTTTGGGGACGAGTGTAATGATTAATAGGGCCAGTTGGGGGCATTAGTATTTGGTAGTCAGAGGTGAAGTTCTTGGATTTACCAAAGACTAACTAGTGCGAAAGCATTTGCCAAGGATGGTT	6	0	0	0	0	0	0	0
Eukaryota	Opisthokonta	Fungi	Basidiomycota	Agaricomycotina	Agaricomycetes	Tylospora	Tylospora_asterophora	100	75	51	33	33	23	7	7	OTU_02054	AGCTCCAATAGCGTATATTAAAGTTGTTGCAGTTAAAACGCTCGTAGTTGGACTTCGGGCATCAGGGCTCTGGTCGGTAGAAATGCCGCACTGGGGTGACTGGTGTCTTACCTCCGTTGGCGGAGGCATGTTCTTGACTGAGTGTGCCTTCGTCCCGGACTCGGTTACTTTGACGAAATTAGAGTGCTCAAAGCAGGCATGTTCGCCTGAATACATTAGCATGGAATAACACAATAGGACAGTGGCCCTATTTTGTTGGTTTTAGGACCGCCGTAATGATTAATAGGGACAGTTGGGGGCATTAGTATTCGGTAGTCAGAGGTGAAATTCTTGGATTTACCGAAGACTAACTAGTGCGAAAGCATTTGCCAAGGATGTTC	0	6	0	0	0	0	0	0
Eukaryota	Opisthokonta	Mesomycetozoa	Ichthyosporea	Ichthyosphonida	Ichthyophonidae_Eccrinales	Enterobryus	Enterobryus_oxidi	100	58	31	25	25	24	9	9	OTU_02055	AGCTCTAATAGCGTATATTAAAGTTGTTGCAGTTGAAACGTTCGTAGTCTGAATTCGGGGGGTGGCCGGGGGTCCGCGCTTGGCGTGAGTACTTCCTACCGCTCCTCTCGGGCGAAGTGCCCCGTGCGACTTTATTGCCGTGCGGTGACTTCTTCGCCAACTTACTTTGAGAAAATTAGAGTGTTCAAAGCAAACCAATCGTTTGAATATACTAGCATGGAATAACTGAATAGGATATTGGTCTTATTTTCAGTTGGTTCTTTTGGCCGATATAATGATTAATAGGGACAGTTGGGGGCATTAATATTTAATTGTCAGAGGTGAAATTCTTCGATTTATGAAAGATTAACTTCTGCGAAAGCATTTGCCAAGGATGTTT	0	6	0	0	0	0	0	0
Eukaryota	Alveolata	Dinoflagellata	Dinophyceae	Prorocentrales	Prorocentraceae	Prorocentrum	Prorocentrum_nux	100	61	45	32	9	9	9	7	OTU_02065	AGCTCCAATAGCGTATATTAAAGTTGTTGCGGTTAAAAAGCTCGTAGTTGGATTTCTGTCTGACGACTGCAGTCCACACTCTCGTGTGAGAATCTGTATATGTCGGGCATCTTCCTGAGTGGCGTCGGTGCTATTCATTTAGTGGCGACGTCTGCTCTGGACTTTTACTTTGAGGAAATTAGAGTGTTCCAGGCATGCCTTTGCATTGAATACATTAGCATGGAATAATAAGATATGACTGAGCTGTCGTTTTGTTGGTTCAGCACAGCACAGTAATGATTAATAGGGACAGTTGGGGGCATTCGTATTTATCTGTCAGAGGTGAAATTCTTGGATTAGATAAAGACGAACTACTGCGAAAGCATTTGCCAAGGATGTTT	0	0	0	0	6	0	0	0
Eukaryota:plas	Archaeplastida:plas	Chlorophyta:plas	Trebouxiophyceae:plas	Watanabea-Clade:plas	Watanabea-Clade_X:plas	Chloroidium:plas	Chloroidium_ellipsoideum:plas	15	15	15	15	15	15	15	15	OTU_02068	AGCTCCAATAGCGTATATTAAAGTTGTTGCGGTTAAAAAGCTCGTAGTTGGATTTCTGTCTAGAACGAGATTGGCTTGCATTCGTGTTTGTTCGTTTTGTAATAGACATCAATTTTTTCCACCTGTTTCTTACTTCACTGTAAGAGATAGAGGAGAGATAATTTACTGTGAGAAAAGTTGAGTGTTCCAGACAGGCTAGTGCCTTGAATATGTTAGCATGGAATAATAAAATAAGACTCCTTTTTTTGTTGGTTGTCAAACAAGGAGGAGTAATGATTAATTGGGATAGCTGGGGGTATTAGTATTCTCTGGCGAGAGGTGAAATTCTATGACCCTGGGAAGACTAACAACTGCGAAAGCATTTACCTAAGATGTTT	0	0	0	0	6	0	0	0
Eukaryota	Amoebozoa	Lobosa	Lobosa-G1	Lobosa-G1_X	Lobosa-G1_XX	Lobosa-G1_XXX	Lobosa-G1_XXX_sp.	100	36	26	13	13	13	13	13	OTU_02076	AGCTCTTCTAGCGTATATCGAAGTTGATGCAGTTAAAAAGCTCGTAGTCGGAGTTGTTCGAGTTGGGGTAAAACTGGGTTGGTCCGAAAGGATCCAATCCGACCCTCTCGATTCATTTGGTTGTGCAAGGGCAGAGGTGCGCCTCTGATTCCTGCCCTCCATCTTTTACTTTGAGGAAATTAGAGTGTTCAAAACAGGCGTTTCGCCTGTATATTTTAGCATGGGATAATAGAATATGGCATTTTGCTTATATTTTATGGTTTTTAAAAGCATTTATTTGCAATGATTAATGGGAGTCGTTGGGGCTGCCGGTATTACAAAGCTAGAGGTGAAATTCTATGATTTTTGTAGGACCAACAAATGCGAAAGCATCCAGCCAGAAGACGT	5	0	0	0	0	0	0	0
Eukaryota	Alveolata	Dinoflagellata	Dinophyceae	Dinophyceae_X	Tovelliaceae	Tovellia	Tovellia_aveirensis	92	23	20	20	4	4	4	4	OTU_02077	AGCTCCACAAGCGTATATGAAAGTTGTTGCGGTTAAAAAGCTCGTAGTCGAATGTCTGTTGAGGTAAGCGGGTCCGCCCCCTGGGTGTGCATTTTGTTTTTACTTCAATTTTCGTGGGAAACGTTCTGCACTTGATTGTGTGGAGCGGTTGCTGCGACGTTTACCTTGAGGAAATTAGAGTGTTTCAAGCAGGCATTCGCCTTGAATACGTTAGCATGGGATAATACCATGGGACGTCGGTCTCTTTTGTTGGCTTGTGAGAGTGATGAAATTTCAAAGAGGAATAGTTGAGGATCTCTGTATCCAGATGTCAGAGGTGAAATTTTTAGATCTTCTGGCGCCGAGCAGCTGCGAAAACAATGATCAAGGATGTTT	5	0	0	0	0	0	0	0
Eukaryota:plas	Archaeplastida:plas	Chlorophyta:plas	Trebouxiophyceae:plas	Watanabea-Clade:plas	Watanabea-Clade_X:plas	Chloroidium:plas	Chloroidium_ellipsoideum:plas	12	12	12	11	11	11	11	11	OTU_02081	AGCCCCAATAGCGTATATTTAAGTTGTTGCAGTTAAAAAGCTCGTAGTTGAATTTTGGAAAAGCAGAGTCAGAAGGTATCTCATTTTCTTGAGTTATCGTCTAGCTCGTGGTCTTATCTTAAGGCGTCTTTTTGAGTTATAAATAAACTTTGTTTAAGTATAATTTAATAAGACGGGGTTACTGTGAGTAAATTAAAATGTTCAAAGTATGCGTTTGCGTTGAATAGATTAGCATGGAATAACATGGAAAGACTTCAACTTATCCTTGTTGGCTTTGAGGTTTGGAGTGATGATTAACAGGAACAGTCGGGGGCATTCGTACTTCATTGTTAGAGGTGAAATTCTTGGATCTATGAAAGACGAACTTCTGCGAAAGCATTTGCCAAGGATGTTT	5	0	0	0	0	0	0	0
Eukaryota	Alveolata	Dinoflagellata	Dinophyceae	Dinophyceae_X	Dinophyceae_XX	Dinophyceae_XXX	Dinophyceae_XXX_sp.	100	47	43	43	23	23	22	22	OTU_02084	AGCTCCAATAGCGTATATTGAAGTTGTTGCGGTTAAAAAGCTCGTCGTTGGATTTCTGTTGAGGTCGAACAGTGCCGCCCTATGGGTGCGCAACTGGCTCGGCTTCGGCATCTTCTTGGAGAGCGCACCTGCACTTAACTGTGTGGATCATACTTCAAGTCAGTTACTTTGAGGAATTGTGAGTGTTTCAAGCAGGCTTACGCCGTTGAATCCGTTAGCATGGAATAATAGAATAGGACCTCGGTTCTATTTTGTTGGTTTTGAGAGCTGGGGCAGCGATTGATAGGGACGGATGGGGGCGTCCGAACTTTACTGTCAGAGGTGAAATTCTTAGATCGGTCAAAGGCGAACTACTGCGAACGTATTCGCCAAGAATGTTTTCT	5	0	0	0	0	0	0	0
Eukaryota	Alveolata	Dinoflagellata	Syndiniales	Dino-Group-II	Dino-Group-II-Clade-10-and-11	Dino-Group-II-Clade-10-and-11_X	Dino-Group-II-Clade-10-and-11_X_sp.	100	23	18	18	18	18	18	18	OTU_02086	AGCTCCACTAGCGTATATTAAAGTTGCTGCGGTTAAAAAGCTCGTAGTTTGATCGGTGCTGTGCTTGATTGCATGGCTCTGTACTCGCGTCTTTTACTTTGAAGAAAATAGGGTGTTCACAGTAGGCAATTGTCTTGTATATATTAGCATGGGATAATAATCTAGGGTTTCGTGCTCTTTCAGGTGGCTCGAAGAGTGGAAGCAATGGTTAATAGGGGCTGTTGGGGGTCTTCGGATTATCGCGTCAGAGGTGGAATTCTTAGATTGCGCTACGACGCACGAATGCGAAAGCATTTGCCAAAGATGTTT	0	5	0	0	0	0	0	0
Eukaryota	Opisthokonta	Metazoa	Arthropoda	Hexapoda	Insecta	Anopheles	Anopheles_hinesorum	100	62	59	31	23	23	16	7	OTU_02092	AGCTCCACTAGCGTACACTAACATTGTTGCAGTTAAAAAGCTCGTAGTTGGATTTCAGTGTGCGGACTTCTTCCTTAGTCAATGACTTTACGGAAATGTCACAATCACTTTCTACCAAGTCCCTTCGCGCTCTTAACTGAGTGGGTTGGCGCATTGGTTCCTTTACTTTGAGAAAAATAGAGTGTTCAAAGCAGGTCATTGCTCTGAATATGCTAGCATGGAATAATACCCATATGACTTCGTCCACCGTTCTGGTTTGCGAGGCACGAAGTAACGATTGATGGAAGCTGGTGGGGGCATAGGTACTTCAAGGCGAGAGGTGAAAATCGTAGACCCTTGGGAGACCAACAGAAGCGAAAGCGTTTGCCCAGCATTTCT	0	5	0	0	0	0	0	0
Eukaryota	Archaeplastida	Streptophyta	Zygnemophyceae	Zygnemophyceae_X	Zygnemophyceae_XX	Xanthidium	Xanthidium_canadense	99	45	19	7	7	7	7	7	OTU_02109	AGCTCCAATAGCGTATATTTAAGTTGCTGCAGTTAAAAAGCTCGTAGTTGAATTTATGAAGATGTCTCTAGTCAAGACTTTAACGTTTTGGTCTAGTAAGCTTCTTTACTAAGTACTACATTTTCATGAAACGTTTTATACCCTTCGTGTTTCTTATGTAGTAGGGTTACTGTGAGTAAATTAAAATGTTCAAAGTAGGCGGTCGCTGTGAATATATTAGCATGGAATAACATTATAGTACTTCTTTCTATTTTGCTGACCTGTTAGATGGGAGTAACGATTAATAGGGACAGTTGGGGGCATTCGTATTTCATTGTCAGAGGTGAAATTCTTAGATTGATGAAAGACGAACTACTGCGAAGGCATTTGTCAAGGATGTTT	0	0	0	0	5	0	0	0
Eukaryota	Opisthokonta	Fungi	Chytridiomycota	Chytridiomycotina	Chytridiomycetes	Boothiomyces	Boothiomyces_macroporosum	96	49	28	5	5	5	2	2	OTU_02116	AGCTCAATTAGTGTATCTTGACATTGTTGCAATTAAAAAGCTCGTAGTTGGATTTTCGGTTGGTATAATATGGTCTTTGCTTTGCAATTGTACTTTTTAATATCAGCTCTCCGACCGAAGTTTACTCAGTTTCGATTGAGTGAAATTTGGTCCACTTACTTTGAGAAAATTAGAGTGTTCAAAGCAGACTTTACGTTTGAATACATTAGCATGGAATAACAAAATAGGACTTTGGTTTTTATTTTGTTGGTTTAAGAGACCAAAGTAATGATTAATAGGGTCAGTTGGGGGCATTTGTATTTTCCAGCCAGAGGTGAAATTCTTAGACTTGGAAAGGACAGACTTCTGCGAAAGCATTTGCCAAGGATGTTT	0	0	0	0	5	0	0	0
Eukaryota	Opisthokonta	Metazoa	Platyhelminthes	Turbellaria	Acoelomorpha	Avagina	Avagina_marci	99	62	61	22	13	4	2	0	OTU_02122	AGGTCCATTAGCGTATATTAAATTTGTTGCGGTTAAAAAGCTCGTAGTTGGATTTCAGCTATTGTTCGGCGTGAATTCTTTCAAAGGAGTTCTTGTCGAGCGAAGCCGTTTTGTTGGTAGTAGTAACGCCTTAAGTGGTGTCACTAGAATCGACGAGTTTACTTTGAAGAAAATAGAGTTTTTCAAGCAGGCTAACGCTGTGAATACAGTAGCATGGAATAATAAGATACGACTCCTGTTGTATGTTGTTGGTTCCAGCAGTTGAGAGTAATGATTGATAGGGACAATCGGGGACATTCGTATTTAACTGTTAGAGGTGAAATTCTTGGATTAGTTAAAGACGGTCTATTGCCAAAGCATTTGTCAAGAATGTTTTCT	0	4	0	0	0	0	0	0
Eukaryota	Hacrobia	Picozoa	Picozoa_X	Picozoa_XX	Picozoa_XXX	Picomonas	Picomonas_judraskeda	100	67	67	67	67	67	67	67	OTU_02128	AGCTCCAATAGCGTATATTAAAGTTGTTGCAGTTAAAAGGCTCGTAGTTGGATTTCTGGCGGGGACCCAAGTACCCCTGCAGGGTGTGCTCGGGCCCGGCCATCCTTCTGTCAACCCTCACGGTCGTTTACTCGTCCGAGTTGGTGATCAGATAATTTACCTTGAGAAAATTAGAGTGTTTCAGGCAGGCTTAGCCGGAATACATTAGCATGGAATAATAGAATAGGACTTTGGTTCTATTTTGTTGGTTTCTAGGACCGAAGTAATGATAAATAGGGACAGTTGGGGGCATTCATATTCCATTGTCAGAGGTGAAATTCTTGGATTAACGGAAGATGAACTTCTGCGAAAGCATCTGCCAAGGATGTTT	0	4	0	0	0	0	0	0
Eukaryota	Excavata	Discoba	Euglenida	Aphagea	Distigmidae	Distigma	Distigma_elegans	98	14	14	10	8	6	6	6	OTU_02136	AGCTCCATGAGAATATATCAAATTTGTTGCAGTTGAAAAGCTCGTAGTTGAATTTCTGGCCGTTTGTCGTTTGTTTGTTTGGAGCAATCCAGGCAGATTGGGCGATGGCGGTCATCTTGTTTCTTCTTTGAAGAAACTCAGTCACTGAGAGTAAATTGGAATGCTTAAAGTAGGTCTGACGACTTTGAACATTCAAGCTTGGGATGACAAACACGACAAGAGCGACTTTGTTGGTTAATCACTCCTGTAATGATTAAAAGGAACAGTTTGCGGGGTGACTTGTATTGGACAGCTAGAGGTGAAATTCTTAGATTTGTTCAAGACAAACGACTGCGAAAGCATTTCACCAGAATGTTT	0	0	0	4	0	0	0	0
Eukaryota	Archaeplastida	Chlorophyta	Chlorodendrophyceae	Chlorodendrales	Chlorodendraceae	Tetraselmis	Tetraselmis_apiculata	89	34	22	5	5	5	5	1	OTU_02138	AGCTCCAATAGTGTATATTTAAGTTGCTGCAGTTAAAAAGCTCGTAGTTGGATTTATGAAAGTGTTTCTAGTCAGAATTAAACACTCTGACGTGGTCACATCTTTTTTCTTACTACACTATTGCGCTCGCGTAAGTTTGTGTAGTTAGGTTACTGTGAGTAAATTAAAATGTTCAAAGTAGGCGGTTGCTATGAATATATCAGCATGGAATAACATTATAGAACTTCAATCTATATTTGCTAATCTTTTAGAATGGAGTAAAGATTAATAGGGACAGTTGGGGGCATTCGTATTTCATTGTCAGAGGTGAAATTCTTGGATTGATGAAAGACGAACTACTGCGAAGGCATTTGTCAAGGTTGTTT	0	0	0	0	4	0	0	0
Eukaryota:plas	Archaeplastida:plas	Chlorophyta:plas	Trebouxiophyceae:plas	Watanabea-Clade:plas	Watanabea-Clade_X:plas	Chloroidium:plas	Chloroidium_ellipsoideum:plas	20	20	19	18	18	18	18	18	OTU_02147	GGGAGAATTCATTACCACGCACGTAACGCGTCCAAAAATATTACTTGCGAAGCAAGGATCTGGACTTTTTGCGGGAAATGGTGGGAGAAAATTCGGTCCACTCCTCTTGCAGTGATAGCGGCTATTGCTATAAATCCTTATTGTTCTTCTTTTCTTCGAGGGCTACGCAAATGAGCGCGTGCACGGATGCAAAGCTATTCGGCATGTAAGGCCTCAAGTATTGCGCTGCAGATGCGGTAATCACGCTGGAACTTC	0	0	0	0	4	0	0	0
Eukaryota	Excavata	Metamonada	Preaxostyla	Oxymonadida	Polymastigidae	Monocercomonoides	Monocercomonoides_sp.	92	6	5	5	5	5	5	5	OTU_02150	AGCTCCAATAGCGTATATTAAAGTTGTTGCAGTTAAAAAGCTCGTAGTCGAATATAGGTTGTTTGGATGCGCGAGCACTCTTGTTTAACTTGAGATGCTTGCGCCCATTAGCCGCCCTTGTGGAGCTCGATGAGTGTGCATCTGGAGAGTTTCCAGCATCCTCGTGAATTTCGCTTCATGCTTCACTGCAGGGGGCGTTAAGCACGACCTTTACTTTGAGGAAAATAGAGTGTTCATTGCAGGCAATCGCCATGAATATATTAGCATGGAATAATAATATAAAACTTAAGCTTTATTTTATTGGTTTTCGGAACTTAAGTAGTGATAAATAGGGACAGTTGGGGGCATCTGTATTAACGCGTCAGAGGTGGAATTCTTGGATTGCGTTACGACAAACAACTGCGAAAGCATTTGCCAAGGATGTTT	0	0	0	0	4	0	0	0
Eukaryota	Rhizaria	Foraminifera	Monothalamids	Monothalamids_Clade-C	Monothalamids_Clade-C_X	Shinkaiya	Shinkaiya_lindsayi	100	14	14	14	12	12	12	12	OTU_02166	AGCTCCAGTAGTGTATATTAAAGTTGTTGCGGTTGAAAAGCTCGTAGTTGAACATTGGTCAGGTGAGACCTTTTCACTTCATGTGAAAAGTTGTTTTCTGGCAAGCTGAAATATGTGGTGCGCTTTGGTGCTACCGGGCTTTCAGATGGATTACTTTGAGGAAATTAAAGTGTTCTAGGCAAGTATTTGGCTTTGAATATGATAGCATGGAATAATGATTTATGGCCTTATGCCATTTTGGTTGACAGGTATAGGCAATGATTAATAGGGACAGTGGAGGGCATTCGTACTTAATTGTTAGAGGTGAAATTCTTGGATTTTTTAAAGACGGTCTAGTGCGAAAGCATTTGTCATGGATGTTT	3	0	0	0	0	0	0	0
Eukaryota	Rhizaria	Cercozoa	Filosa-Thecofilosea	Cryomonadida	Protaspa-lineage	Protaspa	Protaspa_grandis	100	78	78	78	78	78	78	78	OTU_02169	AGCTCCAAGAGCGTATATTAAAGTTGTTGCAGTTAAAAAGCTCGTAGTTGGATTTCTGGTACAATGCGCCTGGCCCGCGGCGGTTACGCCTGTGAGTGCCGGTGCGCGTTTGCCATCCTTCTAGAAAACGTTTCTACCCTTAACTGGGCCGGGCTCGCGATCTAGATCCTTTACTTTGAGGAAATTAGAGTGTTTCAAGCAGGCATTTGCCTTGAATACATTAGCATGGAATAATAAGATAGGACCTCGTCCCTACCTTGTTGGTTCGTATGGATGAGGTAATGATTAATAGGGATAGTCGGGGGCATTCGTACTTAACTGTCAGAGGTGAAATTCTTGGATTTGTTAAAGACGGACTACTGCGAAAGCATTTGCCAAGGATGTTT	3	0	0	0	0	0	0	0
Eukaryota	Opisthokonta	Fungi	Chytridiomycota	Chytridiomycotina	Chytridiomycetes	Rhizophydium	Rhizophydium_chlorogonii	100	60	43	19	19	19	7	5	OTU_02172	AGCTCCAATAGCGTATATTAAAGTTGTTGCAGTTAAAACGCTCGTAGTTGAGTTTGGTTCAGAGGTTGAAGGGCGTTAGTCCTTTGAGCTCGAGCCTTATTTGGGGGAAGGGTTCTTTGAACCAGGCCTCTCGGGTTACTGTGAAGAAATTAGAGTGTTTAAAGCAGGCTTACGCTTGAATACATCAGCATGGAATAACAAGAACGGATTCGCCGCCTTGTTGGTTGGGCATACAAATCACGATTAATAGGGCCAGTTGGGGGCATTAGTATTTAGCAGTCAGAGGTGAAATTCTTGGATTTGCTAAAGACTAACTAGTGCGAAAGCATTTGCCAAGGATGTTT	0	3	0	0	0	0	0	0
Eukaryota	Hacrobia	Picozoa	Picozoa_X	Picozoa_XX	Picozoa_XXX	Picomonas	Picomonas_judraskeda	100	42	41	41	41	41	41	41	OTU_02181	AGCTCCAATAGCGTATATTAAAGTTGTTGCAGTTAAAAAGCTCGTAGTCGGATTTTGGCATCACGCCGCACTGTCTGCCGATTGGTAAGTACGGTTTGGCGGGTGCTTCCTTCCGGTGCTGCGTTCTGCTCTTAGTTGAGCGGTTCGTTGGTTCCGGTTCGTTTACTGTGAAAAAATTAGAGTGTTCAAAGCAGGCTTATGCCGTTGAATACATTAGCATGGAATAATAAGATAGGACCTTGGTACTATTTTGTTGGTTTGCGTACCTAGGTAATGATTAATAGGGACAGTTGGGGATATTACTATTTCGTTGTCAGAGGTGAAATTCTTGGATTTACGAAAGAGTAACTACTGCGAAAGCATTTATCAAGGATGTTT	0	3	0	0	0	0	0	0
Eukaryota	Alveolata	Ciliophora	Nassophorea	Nassophorea_X	Discotrichidae	Discotricha	Discotricha_papillifera	100	30	30	17	17	16	7	7	OTU_02205	AGCTCCAATAGCGTATATTTAAGTTGTTGCAGTTAAAAAGCTCGTAGTCGGATTTTGGCTGAGAGCGAACGGTCCGCCGTTAGGTGTGCACTGTTTGGTCTCAGCTTCCTGGTGAGGAGGTGTGCTTCACGGCCACTTAGTCACCGTGGTTACTTTGAAAAAATTAGAGTGTTTCAAGCAGGCTCTTGCTGGAATACATTAGCATGGAATAATAGAAAAGGACCTTAGTACGTCACTTTATTGGTACTATGACACTAGGTAATGATTAACAGGGACAGTTGGGGGCATTAGTATTATTTCAGAAGAGGTGAAATTCATTGATTGAGATGAGACTAACTTATGCGAAAGCATTTGCCAAGGATGTTT	0	0	0	0	3	0	0	0
Eukaryota	Hacrobia	Cryptophyta	Cryptophyceae	Pyrenomonadales	Pyrenomonadaceae	Rhodomonas	Rhodomonas_minuta	100	66	66	66	53	53	53	53	OTU_02214	AGCTCTAATAGCGTATATTAAAGTTGTTGCAGTTAAAAAGCTCGTAGTCGGATGTCGGGCTCGGGCAAGCTGTCGGCCTCTGGTCGGACGGCAGGCTCGGGTCTTTCTGCCTGAGGAACCCGGTAGCTTTCGGGCTGCCGGTGGACGCAGGTCGTTTACTTTGAGGAAATTAGAGTGTTTCAAGCAGGCATACGCCTTGAATACATTAGCATGGAATAATAAGATAGGACCTCGGTTCTATTTTGTTGGTTTCTAGAGCTGAGGTAATGATTAATAGGGATAGTTGGGGGCATTCGTATTTAACTGTCAGAGGTGAAATTCTTGGATTTGTTAAAGACGGACTACTGCGAAAGCATTTGCCAAGGATGTTT	0	0	0	0	3	0	0	0
Eukaryota	Stramenopiles	Sagenista	MAST-4	MAST-4F	MAST-4F_X	MAST-4F_XX	MAST-4F_XX_sp.	100	67	66	66	66	66	66	66	OTU_02220	AGCTCCAATAGCGTATATTAAAGTTGTTGCAGTTAAAAAGCTCGTAGTCGGATTTTGGCATCACGCCGCACTGTCTGCCGATTAGTAAGTACGGTTTGGCGGGTGCTTCCTTCCGGTGCTGCGTTCTGCTCTTAATTGAGCGGTTCGTTGGTTCCGGTTCTTTTACTTTGAGAAAATTAGAGTGTTTAAAGCAGGCCTTCGCCTTGAATACATTAGCATGGAATAATAAGATAGGACTTGGGTCTATTTTGTTGGTTTGCAGACCGAAGTAATGATTAATAGGGATAGTTGGGGGTATTTATATTCCGATGTCAGAGGTGAAATTCTTAGATTTTCGGAAGATAAACTTATGCGAAAGCATTTACCAAGGATGTTT	0	0	0	0	0	0	0	3
Eukaryota	Alveolata	Dinoflagellata	Syndiniales	Dino-Group-II	Dino-Group-II-Clade-36	Dino-Group-II-Clade-36_X	Dino-Group-II-Clade-36_X_sp.	99	45	38	35	35	29	29	29	OTU_02233	AGCTCCGATAGCGTATATTAAAGTTGTTGCAGTTAAAAAGCTCGTAGTTGAATTTCTAAGGATTGAAGTCGCCTCATGGCTTGTATTGATATCCTTATCCGCTTTGATTTAGCAATACGCACTTTGTTGGGCGATTGTGTAATCAAGCAATTTACTTTGAAAAAATTAGAGTGTTCACGGCAGGCATACGCTTTGAATATATTAGCATGGAATAATGAGATAGGACCAGTTTCCTATTTTGTTGGTTTCTAGGAATCAGGTAATGGTTAATAGGGATAATTGGGGGCATTCGTATGAAGATGTCAGAGGTGGAATTCTTGGATTATCTTCCGACGAACTACTGCGAAAGCATTTGCCAAGGATGTTT	2	0	0	0	0	0	0	0
Eukaryota	Opisthokonta	Metazoa	Cnidaria	Cnidaria_X	Hydrozoa	Agalma	Agalma_okeni	100	78	78	78	78	78	24	6	OTU_02235	AGCTCCAATAGCGTATATTAAAGTTGTTGCGGTTAAAAAGCTCGTAGTTGGATTTCTGCCGAGGACGACCGGTCCGCCCATTGGGTGAGTATCTGGTTCGGCCTGGGCATCTTCTTGGAGAACGTAGCTGCACTTGACTGTGTGGTACGGTATCCAGGACTTTTACTTTGAAAAAATTAGAGTGTTCAAAGCAGGCTATTGCTTGAATACATGAGCATGGAATAATGGAATAGGACTTTGGTCCCATTTTGTTGGTTTCTAGGGCCGAAGTAATGATTAAGAGGGACAATTGGGGGCATCCGTATTTCGTTGTCAGAGGTGAAATTCTTGGATTTACGAAAGACGAACAACTGCGAAAGCACTTGCCAAGAGTGTTT	2	0	0	0	0	0	0	0
Eukaryota	Alveolata	Dinoflagellata	Syndiniales	Dino-Group-I	Dino-Group-I-Clade-5	Dino-Group-I-Clade-5_X	Dino-Group-I-Clade-5_X_sp.	100	55	55	53	53	53	53	53	OTU_02240	AGCTCCAATAGCGTATATTAAAGTTGTTGCGGTTAAAAAGCTCGTAGTTGGGTTTCTGTCGGTGAGTGGCAGTCCGGCCTCCGTGCTCGGTACTTGTAACGCCACCGACATCTTCCTGGGGAATGTGTCTGCTCTTCGTTGGGTGGTTCATGATCCAGGACTTTTACTTTGAAGAAATAGGAGTGTTTCAAGCAGGCGCACGCCGTGAACACGTTAGCATGGAATAATAGCATCGGATCTCGTTCCTAAGCTGTTGGTTTCTTGGACCGAGATAAAGGCAAATAGGGATTGTTGGGGGCATTCATATTCCATTGTCAGAGGTGAAATTCTTGGATTAACGGAAGATGAACTTCTGCGAAAGCATCTGCCAAGGATGTTT	0	2	0	0	0	0	0	0
Eukaryota	Alveolata	Dinoflagellata	Syndiniales	Dino-Group-II	Dino-Group-II-Clade-10-and-11	Dino-Group-II-Clade-10-and-11_X	Dino-Group-II-Clade-10-and-11_X_sp.	100	62	58	54	54	50	50	50	OTU_02242	AGCTCCAATAGCGTATATTAAAGTTGTTGCGGTTAAAAAGCTCGTAGTTGGATTTCTGTCGAGGACGGTCGGTCCACACTTTGTGTGAGTATCTGATTCGGCCTTGGCATCCTCCTGGGGTACGTTTCTGCGCTTGATTGCATGGCTCTGTACTCGCGTCTTTTACTTAGAAGAAAATAGGGTGTTCACAGTAGGCAATTGTCTTGTATATATTAGCATGGGATAATAATCTAGGGTTTCGTGCTCTTTCAGGTGGCTCGAAGAGTGGAAGCAATGGTTAATAGGGGCTGTTGGGGGTCTTCGGATTATCGCGTCAGAGGTGGAATTCTTAGATTGCGCTACGACGCACGAATGCGAAAGCATTTGCCAAAGATGTTT	0	2	0	0	0	0	0	0
Eukaryota	Alveolata	Dinoflagellata	Syndiniales	Dino-Group-II	Dino-Group-II-Clade-8	Dino-Group-II-Clade-8_X	Dino-Group-II-Clade-8_X_sp.	100	77	75	58	58	37	37	37	OTU_02248	AGCTCCAATAGCGTATATTAAAGTTGTTGCAGTTAAAAAGCTCGTAGTTGGATTTCTGTCTCTTTTGGGATGCGGTCCGCCCTTCATGGGTGAGCACTGTTATCCTGGGGACATCCTCTCAAAGGCGTTATGGTGCACTTAGTTGTGAGCTTAATGAATTTGGGATCTTTACTTTGAGGAAATTAGAGTGTTCACGGCAGGCAAACGCCTTGAATACATTAGCATGGAATAATAATATAGGACCTTGGTCCCATTTTGTTGGTTTCTGGAACTGAGGTAATGATTAATAGGGATAATTGGGGGCATTCGTATTAACGTGTCAGAGGTGGAATTCTTGGATTACGTTACGACGAACTACTGCGAAAGCATTTGCCAAGGATGTTT	0	2	0	0	0	0	0	0
Eukaryota	Hacrobia	Picozoa	Picozoa_X	Picozoa_XX	Picozoa_XXX	Picomonas	Picomonas_judraskeda	100	61	61	61	61	61	61	61	OTU_02250	AGCTCCAATAGCGTATATTTAAGTTGTTGCAGTTAAAAGGCTCGTAGTTGGATTTCGGTTAAGAGCGACCGGTCCGCCGTTTGGTGTGCACTGGTTGGTTTTAACTTCCTGTAGAGGACGTGCTCTGGGCTTAACGGTCTGGACTCGGAGTCTACGTGGTTACTTTGAAAAAATTAGAGTGTTCAAAGCAGGCCTATGCTCTGAATAGGTTAGCATGGAATAATAGAATAGGACTTTGGTTCTATTTTGTTGGTTTCTAGGACCGAAGTAATGATAAATAGGGACAGTTGGGGGCATTCATATTCCATTGTCAGAGGTGAAATTCTTGGATTAACGGAAGATGAACTTCTGCGAAAGCATCTGCCAAGGATGTTT	0	2	0	0	0	0	0	0
Eukaryota	Alveolata	Dinoflagellata	Syndiniales	Dino-Group-II	Dino-Group-II-Clade-10-and-11	Dino-Group-II-Clade-10-and-11_X	Dino-Group-II-Clade-10-and-11_X_sp.	100	23	20	20	20	19	19	19	OTU_02251	AGCTCCACTAGCGTATATTAAAGTTGCTGCGGTTAAAAAGCTCGTAGTTTGATATCTGTCAATGCTTTTCGGTCTGCTCTTTGAGATGGATTATGCATTCGCTTTGGCGTCTACGCGTGAATCGGTGCTGTGCTTGATTGCCGCGTAGATCGGTGCTGTGCTTGATTGCATGGCTCTGTACTCGCGTCTTTTACTTTGAAGAAAATAGGGTGTTCACAGTAGGCAATTGTCTTGTATATATTAGCATGGGATAATAATCTAGGGTTTCGTGCTCTTTCAGGTGGCTCGAAGAGTGGAAGCAATGGTTAATAGGGGCTGTTGGGGGTCTTCGGATTATCGCGTCAGAGGTGGAATTCTTAGATTGCGCTACGACGCACGAATGCGAAAGCATTTGCCAAAGATGTTT	0	2	0	0	0	0	0	0
Eukaryota	Hacrobia	Picozoa	Picozoa_X	Picozoa_XX	Picozoa_XXX	Picomonas	Picomonas_judraskeda	100	72	72	72	72	72	72	72	OTU_02257	AGCTCCAATAGCGTATATTTAAGTTGTTGCAGTTAAAAGGCTCGTAGTTGGATTTCGGTTAAGAGCGACCGGTCCGCCGTTTGGTGTGCACTGGTTGGTTTTAACTTCCTGTAGAGGACGTGCTCTGGGCTTAACGGTCTGGACTCGGAGTCTACGTGGTTACTTTGAAAAAATTAGAGTGTTCAAAGCAGGCCTATGCTCTGAATAGGTTAGCATGGAATAATAGAATAGGACTTTGGTTCTATTTTGTTGGTTTCTAGGACCGAAGTAATGATTAATAGGGACAGTTGGGGGCATTCATATTCCATTGTCAGAGGTGAAATTCTTGGATTAACGGAAGATGAACTTCTGCGAAAGCATCTGCCAAGGATGTTT	0	2	0	0	0	0	0	0
Eukaryota	Hacrobia	Cryptophyta	Cryptophyceae	Cryptomonadales	Hemiselmidaceae	Hemiselmis	Hemiselmis_brunnescens	95	38	38	38	31	24	18	9	OTU_02260	AGCTCCAATAGTGTATATTATTTTTGCTGTAGTTAAAAAGCTCGTAGTTGGATTTCGGAATGTGTTAGTCTAGGTCAGTCTAAATGGCTGTGCCCGACCGATGCTTCCTATCTTGAGGATTTTGCATGCCCTGCTTCGGCAGGTGTCTTGTACCTCATCGTTTACTGTGAACAAATTAGAGTGTTCAAAGCAGGTGTATCCGCCTTTGAATAGTTTAGCATGGGATAATAAAATAGGACCTCGGTTTTATTTTGTTGGTTTCTAGAGCGGAGGTAATGATTAAGAGGGACAGTTGGGGCCGTTTATATTTCGTTGTCAGAGGTGAAATTCTTGGATTTACGAAAGATAAACTTCTGCGAAAGCATTCGGCAAGGATGTTT	0	0	2	0	0	0	0	0
Eukaryota	Alveolata	Ciliophora	Spirotrichea	Strombidiida	Tontoniidae_A	Spirotontonia	Spirotontonia_sp.	100	72	72	72	72	72	72	64	OTU_02267	AGCTCCAATAGCATATATTAATGTTGTTGCAGTTAAAAAGCTCGTAGTTGGATTTCTGCAGGAGTGCCAATGTCCGACCACGTTCGTGTGCAGCGGCGCCCCTGCATCCTTCGGTTACCTCCGCTCGGCATTCACTTGCCGGCGGTTGGCTCCGAATATTTACCTCGAAAAAATTAGAGTGTTCAAAGCGGGCTTACGCTTGAATATTTCAGCATGGAATAACACTATAGGACTCCTGTCCTATTTCGTTGGTCTCGGGACGGGAGTAATGATTAAGAGGAACAGTTGGGGGCATTCGTATTTCATTGTCAGAGGTGAAATTCTTGGATTTATGAAAGACGAACTTCTGCGAAAGCATTTGCCAAGGATGTTT	0	0	0	0	2	0	0	0
Eukaryota	Opisthokonta	Metazoa	Myxozoa	Myxozoa_X	Myxosporea	Sphaerospora	Sphaerospora_sparidarum	93	42	41	15	15	15	8	7	OTU_02272	GGCTCCTTCAGCCTGAGGTAGAATTGTTGTAGTTAAAACGCTCGTAGTTGGATTTTGTAAGAGTTTTGTGTGTGTCGGTTGCGTATATATTCGTATATTCGTGATTCTTCATGCCACTTTTATACTGATTGTGGATAATTTTCGGATTATTTGCAATATTACTGTGAGAAAAAGAGTGCGCTTAAGGGCGGCTTTATGCTAAGATCATTTAGCATGGAATAAACATAACGGACTTTGGTTTTGTTATGTGTTGGTTCAATATCAAGTCATGATTGATAAGGATGGTTTGGGGATGTTCGTATTTATACTCGAGGGGTGAAATCTTTTGACAGTATAAGGACGATCTTTAGCAAAAGCATTCATCAATTCCATACCTT	0	0	0	0	2	0	0	0
Eukaryota	Alveolata	Ciliophora	Spirotrichea	Strombidiida	Strombidiidae_O	Strombidiidae_O_X	Strombidiidae_O_X_sp.	100	60	60	60	53	43	43	43	OTU_02286	AGTTCCAATAGCGTATATTAAAGTTGTTGCAGTTAAAAAGCTCGTAGTTGGATTTCTGGGAGGGTGGCGATGTCCGCTTAACGTGTGTGCAGCGGCGCCCTTCCATCCTTCTGTTAGCGTCTCTTGGCATTCATTTGCTGGTGGCGGGCTCAGATATTTTACCTTGAAAAAATTAGAGTGTTCAAAGCGGGCTTACGCTTGAATATATTAGCATGGAATAACACTATAGGACTCCTGTCCTATCTCGTTGGTCTCGGGATGGGAGTAATGATTAAGAGGAACAGTTGGGGGCATTCGTATTTCATTGTCAGAGGTGAAATTCTTGGATTTATGAAAGACGAACTTCTGCGAAAGCATTTGCCAAGGATGTTT	0	0	0	0	0	0	0	2
