ASVNumber	tax.Domain	tax.Supergroup	tax.Division	tax.Subdivision	tax.Class	tax.Order	tax.Family	tax.Genus	tax.Species	boot.Domain	boot.Supergroup	boot.Division	boot.Subdivision	boot.Class	boot.Order	boot.Family	boot.Genus	boot.Species	sequence	BL040126	BL040419	BL040719	BL041019	BL050120	BL050413	BL050705	BL051004
ASV_00003	Eukaryota	NA	NA	NA	NA	NA	NA	NA	NA	96	35	34	28	27	27	27	27	27	AGCTCCACTAGCGTATATTAAAGTTGCTGCGGTTAAAAAGCTCGTAGTTTGATATCTGTCAATGCTTTTCGGTCTGCTCTTTGAGATGGATTATGCATTCGCTTTGGCATCTACGCGTGAATCGGTGCTGTGCTTGATTGCATGGCTCTGTACTCGCGTCTTTTACTTTGAAGAAAATAGGGTGTTCACAGTAGGCAATTGTCTTGTATATATTAGCATGGGATAATAATCTAGGGTTTCGTGCTCTTTCAGGTGGCTCGAAGAGTGGAAGCAATGGTTAATAGGGGCTGTTGGGGGTCTTCGGATTATCGCGTCAGAGGTGGAATTCTTAGATTGCGCTACGACGCACGAATGCGAAAGCATTTGCCAAAGATGTTT	0	14344	0	0	94	0	0	10000
ASV_00084	Eukaryota:nucl	Cryptista:nucl	Cryptophyta:nucl	Cryptophyta_X:nucl	Cryptophyceae:nucl	Cryptomonadales:nucl	Cryptomonadales_X:nucl	NA	NA	73	73	73	73	73	72	72	41	41	AGCTCCAATAGCGTATATTAAAGTTGTTGCGGTTAAAAAGCTCGTAGTTGGATTTCTGTTGAGGGCAACCGGTCCGTACTATGTGCGTGTATCTGGCTTGGCCTCGGCATCCTCTGACAATACGGTTCTGCGCTTGATTGCGTGGTCCGGAGTGTCAGACTTTTACTTTGAGGAAATTAGAGTGTTCACGGCAGGCAAACGCCTTGAATATATTAGCATGGAATAATAATATAGGATCTTGGTTCTATTTTGTTGGTTTCTAGGGCTAAGATAATGATTAATAGGGACAATTGGGGGCATTCGTATTAATGCGTCAGAGGTGAAATTCTTGGATTGCATTACGACGAACTACTGCGAAAGCATTTGCCAAGGATGTTT	45	56	0	0	37	0	0	1659
ASV_00151	Eukaryota	NA	NA	NA	NA	NA	NA	NA	NA	99	28	26	20	20	20	20	20	20	AGCTCCAATAGCGTATATTAAAGTTGTTGCGGTTAAAAAGCTCGTAGTTGGATTTCTGCCGAGGACGACCGGTCCGCCCTCTGGGTGAGCATCTGGATCGGCCTGGGCATCCTCTTGGGGAACGTAGCTGCACTTGACTGTGTGGTGCGGTATCCAGGACTTTTACTTTGAGGAAATTAGAGTGTTTCAAGCAGGCTTCCGCCTTGAATACATTAGCATGGAATAATAAGATAGGACCTCGGTTCTATTTTGTTGGTTTCTAGAGCTGAGGTAATGATTAATAGGGATAGTTGGGGGCATTCGTATTTAACTGTCAGAGGTGAAATTCTTGGATTTGTTAAAGACGGACTACTGCGAAAGCATTTGCCAAGGATGTTT	392	0	74	119	454	0	0	0
ASV_00182	Eukaryota:nucl	Cryptista:nucl	Cryptophyta:nucl	Cryptophyta_X:nucl	Cryptophyceae:nucl	Cryptomonadales:nucl	Cryptomonadales_X:nucl	NA	NA	74	74	74	74	74	74	74	40	40	AGCTCCAATAGCGTATATTAAAGTTGTTGCGGTTAAAAAGCTCGTAGTTGGATTTCTGTCGAGGACGGTCGGTCCACACTTTGTGTGAGTATCTGATTCGGCCTTGGCATCCTCTTGAAAAACGTTTCTGCGCTTGATTGCGTGGAGCGGAGTTCAAGACTTTTACTTTGAGGAAATTAGAGTGTTCACGGCAGGCAAACGCCTTGAATATATTAGCATGGAATAATAATATAGGACCTTTGTTCTATTTTGTTGGTTTCTAGAGCGAAGGTAATGATTAATAGGGATAATTGGGGGCATTTGTATTAACGCGTCAGAGGTGGAATTCTTGGATTGCGTTACGACAAACTACTGCGAAAGCATTTGCCAAGGATGTTT	602	0	0	0	253	0	0	0
ASV_00240	Eukaryota	NA	NA	NA	NA	NA	NA	NA	NA	96	33	27	18	17	17	16	16	16	AGCTCCAGTAGCATATATTAAAGTTGTTGCAGTTAAAAAGCTCGTAGTTGGATTTCTGGTATGATGCACCTTGTCCGCAGCGAATACGCTTGTGAGTACTGGCGCGCGTCTGCCATCCTTCTGGGGACCGTCTCTACCTTTCACTAGGCTGGAGTCGTGATCCAGATCGTTTACTTTGAAAAAATTAGAGTGTTCAAAGCAGGCCTTTGCTGTGAATACATTAGCATGGAATAATGATCTAGGACTTCGGTTCTATTTTGTTGGTTTCTAGCACTGGAGTAATGATTGATAGGGATAGTTGGGGGTGCTAGTATTGGGCGGCCAGAGGTGAAATTCTTGGATTCGCTCAAGACTAACTTATGCGAAAGCATTCACCAAGGATGTCTTCT	0	0	594	0	0	0	0	0
ASV_00245	Eukaryota	TSAR	NA	NA	NA	NA	NA	NA	NA	100	51	48	38	32	22	22	22	22	AGCTCCAATAGCGTATATTAAAATTGTTGCGGTTGAAAAGCTCGTAGTTGGAATTCTGTCTAGAGCAACTAGTCCGCTCATTGGGTGTGCATTTGGTTCGCTCTTGGCATTCTTCAGATTAGCTGTGATGCACTTGACTGTGTGTCCTGGGGATCTGATCTTTTACTTTGAGGAAATTAAAGTGTTTCACGCAGGCATACGCCTTGAATTTAATAGCATGGAATAATGGTTTAGGACCTTAGTTCTAACTTGTTGGTTCTTAGGAAGAAGGTAATGGTTAACAGGGAAAATTGGGGGTATTCGTATTTAACTGTCAGAGGTGAAATTCTTGGATTTGTTAAAGACGGACAACTGCGAAAGCATTTGCCAAGGATGTTT	0	0	0	0	0	0	0	574
ASV_00267	Eukaryota	NA	NA	NA	NA	NA	NA	NA	NA	99	13	8	7	7	7	7	7	7	AGCTCCAATAGCGTATATTAAAGTTGTTGCAGTTAAAAAGCTCGTAGTTGGATTTCTGGGAGAGTGCCAATGTCCGCCGAAGTGCGTGCGCAGCGGCGCTCTTTCATCCTTCTGTTAACGGCTCTTGGCATTCATTTGCTGGTGTCGGGCTCAGATATTTTACCTTGAGAAAATTAGAGTGTTTCAGGCAGGCTAGGCCGGAATACATTAGCATGGAATAATGGAATAGGACTACGGTCTCTTTGTTGGTTTGAGGGACTGCAGTAATGATTAATAGGGATAGTTGGGGGCATTAGTATTTAATTGTCAGAGGTGGAATTCTCGGATTTGTTAAAGACTAACTTATGCGAAAGCATTTGTCAAGGATGTTT	136	0	0	0	375	0	0	0
ASV_00287	Eukaryota	NA	NA	NA	NA	NA	NA	NA	NA	97	39	37	34	33	33	33	33	33	AGCTCCAATAGCGTATATTAAAGTTGTTGCAGTTAAAAAGCTCGTAGTTGGATTTCTGGTGGGGCTGTCGGCCTGGCTCCGAAAGGGGTCGGCGCTTGTACACGCCTGGCCATCCTCGGGGGAAGCTTTGCTGGCATTAAGTTGTCGGCGGAGTGACGCTCGTCGTTTACTGTGAACAAATTAGAGTGTTCAAAGCAGGCTTAGGCCGTTGAATACATTAGCATGGAATAATGAGATAGGACTTTGGTGGTCTATTTTGTTGGTTTGCACGCCGAAGTAATGATTAATAGGGGCGGTTGGGGGTATTCGTATTCAATTGTCAGAGGTGAAATTCTTGGATTTATGGAAGACGAACTACTGCGAAAGCATTTACCAAGGATGTTT	106	0	0	0	344	0	0	0
ASV_00302	Eukaryota:nucl	Cryptista:nucl	Cryptophyta:nucl	Cryptophyta_X:nucl	Cryptophyceae:nucl	Cryptomonadales:nucl	Cryptomonadales_X:nucl	NA	NA	78	78	78	78	78	78	78	43	43	AGCTCCAATAGCGTATCTTAAAGTTGCTGCAGTTAAAAAGCTCGTAGTTGGATCTCGGGGCCGGGCTGACGGTCCGCCGAAAGGCGTGCCACCGACTGTCCCGGCCCCTGCCCTCGGCGCCCCCTCGATGCTCTTGGTTGAGTGTCTTGCGGGGTTCGAAGCGTTTACTTTGAAAAAATTAGAGTGTTCAAAGCAGGCCCAGTTGCACGAATACTGCAGCTAGGAATAATGGAATAGGACTCCGGTTCTATTTTGTGGGTTTTCTCAATGGACTGGGGCCATGATTAAGAGGGACGGCCGGGGGCATTCGTATTGCGCCGCTAGAGGTGAAATTCTTGGACCGGCGCAAGACGGACGAAAGCGAAAGCATTTGCCAAGAATGTTT	0	0	0	0	0	0	0	415
ASV_00316	Eukaryota	TSAR	Alveolata	Dinoflagellata	Dinophyceae	Dinophyceae_X	Dinophyceae_XX	Dinophyceae_XXX	Dinophyceae_XXX_sp.	100	74	73	72	72	66	66	66	66	AGCTCCAATAGCGTATATTAAAGTTGTTGCGGTTAAAAAGCTCGTAGTTGGATTTCTGCCGAGGACGACCGGTCCGCCCTCTGGGTGAGCATCTGGTTCGGCCTGGGCATCTTCTTGGAGAACGTTGCTGCACTTGACTGTGTGGAGCGGTATCCAGGACTTTTACTTTGAGGAAATTAGAGTGTTTCAAGCAGGCACACGCCTTGAATACATTAGCATGGAATAATAAGATAGGACCTCGGTTCTATTTTGTTGGTTTCTAGAGCTGAGGTAATGATTAATAGGGATAGTTGGGGGCATTCGTATTTAACTGTCAGAGGTGAAATTCTTGGATTTGTTAAAGACGGACTACTGCGAAAGCATTTGCCAAGGATGTTT	233	0	0	0	156	0	0	0
ASV_00351	Eukaryota	NA	NA	NA	NA	NA	NA	NA	NA	90	41	34	25	23	23	23	12	12	AGCTCTAGAAGCGTATATTAATTTTGTTGCAGTTAAAAAGCTCGTAGTTGGATTTCTGGTGGGAGAGATCGGTCCGTTCTACGAATGGTACTTGTATCTTCTCCGGCCATCCTTGGGTGGAGGCTGTCTGGCATTGAGTTGTCGGGCAGCGGATGCCCATCGTTTACTGTGAAAAAATTAGAGTGTTCAAAGCAGGCTTATGCCGTTGAATATATTAGCATGGAATAATAAGATAGGACTTTGGTACTATTTTGTTGGTTTGCGCACCGAAGTAATGATCAATAGGGACAGTTGGGGGTATTCGTATTCAGTTGTCAGAGGTGAAATTCTTAGATTTACGGAAGACGAACTACTGCGAAAGCATTTACCAAGGATGTTT	44	267	0	0	0	0	36	0
ASV_00374	Eukaryota	NA	NA	NA	NA	NA	NA	NA	NA	99	24	22	22	22	22	22	22	22	AGCTCCAATAGCGTATATTAAAGTTGTTGCAGTTAAAAAGCTCGTAGTTGGATCTCGGATCCCGGCTCGCGGTCCACCTCACGGTGGTTACTGCCCGTCCGGATCTACCTCCCGGTTTTCCCTTGGTGCTCTTGACTGAGTGTCTCGGGTGGCCGGAACGTTTACTTTGAAAAAATTAGAGTGTTCAAAGCAGGCGCTTCGCCTGAATAATGGTGCATGGAATAATGGAATAGGACCTCGGTTCTATTTTGTTGGTTTTCGGAACTTGAGGTAATGATTAAGAGGGACAGACGGGGGCATTCGTATTACGGTGTTAGAGGTGAAATTCTTGGATCGCCGTAAGACGAACTACTGCGAAAGCATTTGCCAAGAATGTTT	322	0	0	0	0	0	0	0
ASV_00399	Eukaryota	Cryptista	Cryptophyta	Cryptophyta_X	Cryptophyceae	Cryptomonadales	Cryptomonadales_X	Teleaulax	Teleaulax_amphioxeia	76	76	76	76	76	76	76	76	76	AGCTCCAATAGCGTATGTTAAAGTTGTTGCGGCTAAAAAGCTCGTAGTTGGATTTCTAGATGAGAGGAGTGGTCCACTCTATGAGTGTGTATCTACTTCCGCTCGTCTATCCGCTCTGCATACGTGTCTGCGCTTGACTGCGTGGCGCGGAGGTAGGGCCTTTTACTTTGAGGAAATTAGAGTGTTCACGGCAGGCAATCGCCTTGAATATATTAGCATGGAATAATAACATAGGATCTTGGTCCTATTTTGTTGGTTTCTAGGGCTAAGATAATGATTAATAGGGACAATTGGGGGCATTCGTATCGCGGTGTCAGAGGTGGAATTCTTGGATTACTGCGCGACGAACTACTGCGAAAGCATTTGCCAAGGATGTTT	298	0	0	0	0	0	0	0
ASV_00423	Eukaryota	TSAR	Alveolata	Ciliophora	NA	NA	NA	NA	NA	96	77	77	74	29	18	18	18	18	AGCTTCAATAGCGTATATTAAAGTTGTTGCAGTTAAAAAGCTCGTAGTTGGATTTCTGGTGGGGGTGTTTGGCCGGCTCAATGAGTTTTGCGCCTATACGTCTCCGCCATCCTTGGGGAAAACTTGCTTGGCATTAGGTTGTCGAGTTTGGGATCCCCATCGTTTACTGTGAAAAAATTAGAGTGTTCAAAGCAGGCTTATGCCGTTGAATACATTAGCATGGAATAATAAGATAGGACCTTGGTACTATTTTGTTGGTTTGCGTACCTAGGTAATGATTAATAGGGACAGTTGGGGGTATTCGTATTCAATTGTCAGAGGTGAAATTCTTGGATTTATGGAAGACGAACTACTGCGAAAGCATTTACCAAGGATGTTT	168	0	0	0	111	0	0	0
ASV_00435	Eukaryota	NA	NA	NA	NA	NA	NA	NA	NA	97	39	37	33	33	33	33	33	33	AGCTCCAATAGCGTATATTAAAGTTGTTGCAGTTAAAAAGCTCGTAGTTGGATTTCTGCCAGGGTGCCAATGTCCGCCGAAGTGCGTGCGCAGCGGCGCCCTCGCATCCTTCTGTTAACGCCTCTCGGCATTCACTTGCCGGTGGTGGGCTCAGATAATTTACCTTGAGAAAATTAGAGTGTTTCAGGCAGGCTAGGCCGGAATACATTAGCATGGAATAATGGAATAGGACTACGGTCTCGTTGTTGGTTTGAGGGACTGGAGTAATGATTAATAGGGATAGTTGGGGGCATTAGTATTTAATTGTCAGAGGTGAAATTCTCAGATTTGTTAAAGACTAACTTATGCGAAAGCATTTGCCAAGGATGTTT	197	0	0	0	76	0	0	0
ASV_00487	Eukaryota	NA	NA	NA	NA	NA	NA	NA	NA	98	40	40	38	37	37	37	37	37	AGCTCCAATAGCGTATATTAAAGTTGTTGCGGTTAAAAAGCTCGTAGTTGGATTTCTGCTGAGGACGATCGGTCCGCCCACTGGGTGAGTATCTGGCTCGGCCTTGGCATCTTCTTGGAGAACGTTACTGCACTTGACTGTGTGGTGCGGTATCCAGGACTTTTACTTTGAGGAAATTAGAGTGTTTCAAGCAGGCGCACGCCTTGAATACATTAGCATGGAATAATAAGATAGGACCTTGGTTCTATTTTGTTGGTTTCTAGAGCTGAGGTAATGATTAATAGGGATAGTTGGGGGCATTCGTATTTAACTGTCAGAGGTGAAATTCTTGGATTTGTTAAAGACGGACTACTGCGAAAGCATTTGCCAAGGATGTTT	0	0	233	0	0	0	0	0
ASV_00490	Eukaryota	NA	NA	NA	NA	NA	NA	NA	NA	94	41	41	40	27	25	25	7	7	AGCTCCAATAACGTATATTAAAGTTGTTGCGGTTAAAAAGCTCGTAGTTGGATTTCTGTCGAGATTGATCGGTCCTCCCTCTGGGAGCGTATCTGATTCGGTTTTGGCATCCTCGTATTTTGTTTTCTGTCCTTCACTGGATGGAAAATGAGTACGACTTTTACTTTGAGGAAATTCGAGTGTTTACGGCAGGCAATCGCCCTGAAGATATTAGCATGGAATAATAATATAGGACCTTGGCCCTATTTTGTTGGTTTCTAGAGCTGAGGTAATGATTAATAGGGATATTTGGGGGCATTCGTACTAACCGGTCAGAGGTGGAATTCTTGGATTCGGTTATGACGAACGACTGCGAAAGCATTTGTCAAGAATGTTT	0	75	0	0	0	0	0	157
ASV_00518	Eukaryota	NA	NA	NA	NA	NA	NA	NA	NA	100	25	25	19	18	18	17	17	17	AGCTCCAATAGCGTATGTTAAAGTTGTTGCGGCTAAAAAGCTCGTAGTTGGATTTCTGTTGAGGACATCTGGTCCGCTCTATGAGCGTGTATCTAGTTTGGCCTCGGCATCCGCTCTGCATACGTTACTGCGCTTGATTGCGTGGTGCGGAGGTAGGGCCTTTTACTTTGAGGAAATTAGAGTGTTCACGGCAGGCAGTCGCCCTGAATATATTAGCATGGAATAATAACATAGGATCTTGGTTCTATTTTGTTGGTTTCTAGGACTAGGATAATGATTAATAGGGACAATTGGGGGCATTCGTATTGCGGTGTCAGAGGTGGAATTCTTGGATTACTGCACGACGAACTACTGCGAAAGCATTTGCCAAGGATGTTT	214	0	0	0	0	0	0	0
ASV_00565	Eukaryota	NA	NA	NA	NA	NA	NA	NA	NA	100	20	13	13	10	9	9	9	6	AGCTCCAATAGCGTATATTAAAGTTGTTGCGGTTAAAAAGCTCGTAGTTGGATTTCTGCCGAGGATGACCGGTCCGCCCTCTGGGTGAGTATCTGGCTCAGCCTGGGCATCTTCTTGGAGAACGTAGCTGCACTTGACTGTGTGGTGCGGTATCCAAGACTTTTACTTTGAGGAAATTAGAGTGTTTCAAGCAGGCATACGCCTTTAATACATTAGCATGGAATAATAAGATAGGACCTCGGTTCTATTTTGTTGGTTTCTAGAGCTGAGGTAATGATTAATAGGGATAGTTGGGGGCATTCGTATTTAACTGTCAGAGGTGAAATTCTTGGATTTGTTAAAGACGGACTACTGCGAAAGCATTTGCCAAGGATGTTT	190	0	0	0	0	0	0	0
ASV_00571	Eukaryota	NA	NA	NA	NA	NA	NA	NA	NA	96	36	33	28	28	28	28	28	28	AGCTCCAATAGCGTATATTAAAGTTGTTGCGGTTAAAAAGCTCGTAGTTGGATTTCTGTTGAGGGTGGCCAGTCCGCACTTCGTGCGTGTATTTGGTTCAGCCTCGGCATCCTCCTGGGGAGCGTTTCTGTACTTGATTGTATGGGACGTAATTCAGGACTTTTACTTTGAGGAAATTAGAGTGTTCACGGCAGGCGTTAGCCTTGAATATGTTAGCATGGAATAATAATATAAGACCTCGGTTTTATTTTGTTGGTTTCTAGAATTGAGGTAATGATTAATAGGGACAATTGGGGGTATTCGAATTAACGCGTCAGAGGTGGAATTCTTGGATTGCGTTACGACGAACTACTGCGAAAGCATTTACCAAGGATGTTT	186	0	0	0	0	0	0	0
ASV_00573	Eukaryota	NA	NA	NA	NA	NA	NA	NA	NA	94	22	20	20	20	15	15	14	14	AGCTCCAATAGCGTATATTAAAGTTGTTGCGGTTAAAAAGCTCGTAGTTGGATTTCTGCCGAGGACGACCGGTCCGCCCTCTGGGTTGGTATCTGGTTCGGCCTGGGCATCTTCTTGGGGAACGTTCTGCACTTCACTGTGTGGGTCGGTAACCAGGACTTTTACTTTGAGGAAATTAGAGTGTTTCAAGCAGGCTTTTAGCCTTGAATACATTAGCATGGAATAATGATATAGGACCTCGGTTCTATTTTGTTGGTTTCTAGAACTGTGGTAATGATTAATAGGGATAGTTGGGGAAACTGTTACTACGTTGTCAGAGGTGAAATTCTTGGATTTACGTATGAACAACTAATGCGAAAGCATTTTTCAAGGATGTTT	0	41	0	0	145	0	0	0
ASV_00576	Eukaryota	TSAR	Alveolata	Dinoflagellata	Dinophyceae	NA	NA	NA	NA	100	70	70	67	66	26	26	5	4	AGCTCCAATAGCGTATACTAATGTTGTTGCAGTTAAAAAGCTCGTAGTCGGATTTCAGTTTATTTACGTTTAACCTTTCTTGGTTTTGATGTAGATTTACTTTATGCAAGAAACTTTCATATTATTTATTTGATATGTTTTGGGACTTGCTCATTTACTTTGAGAAAATTAGAGTGTTCAAAGCAGGTATTTGCCTGAATATTACTCTTGGAATAATAATATAGGACTTCAGTTCTAGTTTGTTGGTGATCTGGAACCGGAGTAATGATTGATAGGGACAGTTGGGGTCATTCATACTGCAAAGCGAGAGGTGGAATTCTTGGACCTTTGTATGATGAACAACTGCGAAAGCATTTGACTAGGATGTTC	0	0	0	0	186	0	0	0
ASV_00582	Eukaryota	Obazoa	Opisthokonta	NA	NA	NA	NA	NA	NA	100	62	62	33	22	22	22	1	1	AGCTCCAATAGCGTATATTAAAATTGTTGCGGTTAAAACGCTCGTAGTTGGATATCTGCCTAGGGGCCCCGGTCCTTCCCAGTGAAGAATACGCGGGGTTCTCCTTGGCGCTTGTTCAGGAAACGTGTTTGCACTTAATTGTGTGTCGCGTGACTTGAATCTTTACTTTGAGGAAATGAGAGTGTTTCAAGCAGGCTTTTGCCGTGAATATGATAGCATGGAATAATAGCATAGGACCCCTTTCCAAAGCTGTTGGTTTTTGGAACGAGGTAATCAGAATAAGGATAGTTGGGGGTATTCGTATTTAACTGTCAGAGGTGAAATTCTTGGATTTTTTAAAGACGAACTATTGCGAAGGCATCTGCCCAGGATGTTT	184	0	0	0	0	0	0	0
ASV_00597	Eukaryota	NA	NA	NA	NA	NA	NA	NA	NA	88	33	17	10	10	10	8	8	8	AGCTCCAATAGCGTATATTAAAGTTGTTGCGGTTAAAAAGCTCGTAGTTGGGTTTCTGCCGGTGAGCGACGGTCCGCCCTAGTGGTTGGTACACGTCGCGCCGCCGGCATCTTCCTGGGGAATGTGTCTGCACTTCACTGTGTGGCGCGGGATCCAGGACATTTACTTTGAGGAAATTACAGTGCTTCAAGCAGGCTCGCGCTCTCTGAATACGTTAGCATGGAATAATAGCATCGGACCTCGATCCAAAGCTGTTGGTTTCTTGGATCTGGGTAAAGGTGAATAGGGATTGTTGGGGGCATTCGTATTTAACTGTCAGAGGTGAAATTCTTGGATTTGTTGAAGACGGACTACTGCGAAAGCATCTGCCAAAGATGTTC	0	0	0	0	176	0	0	0
ASV_00610	Eukaryota	TSAR	Alveolata	Dinoflagellata	Dinophyceae	NA	NA	NA	NA	100	66	65	62	62	34	22	22	22	AGCTCCAATAGCGTATGTTAAAGTTGTTGCGGCTAAAAAGCTCGTAGTTGGATTTCTGTTGAGGGCAGCTGGTCCGCTCTATGAGCGTGTATCTAGCTTGGCCTCGGCATCCGCTCTGCATGCGTAGTGCGCTTGATTGCGTGTTGCGAAGGTAGGGCCTTTTACTTTGAGGAAATTAGAGTGTTCACGGCAGGCTTTCGCCTTGAATATATTAGCATGGAATAATAATATAGGATCTTGGTTCTATTTTGTTGGTTTCTAGGGCTAGGATAATGATTAATAGGGACAATTGGGGGCATTCGTATTGCGGTGTCAGAGGTGGAATTCTTGGATTACTGCACGACGAACTACTGCGAAAGCATTTGCCAAGGATGTTT	0	143	0	0	27	0	0	0
ASV_00620	Eukaryota	Obazoa	Opisthokonta	Metazoa	Arthropoda	NA	NA	NA	NA	98	72	72	66	51	26	26	5	5	AGCTCCACTAGCGTATATTAAAGTTGCTGCGGTTAAAAAGCTCGTAGTTTGATATCTGTCAATGCTCTTCGGTCTGCTCTTTGAGATGGATTATGCATTCGCTTTGGCATCTACGCGTGAATCGGTGCTGTGCTTGATTGCATGGCTCTGTACTCGCGTCTTTTACTTTGAAGAAAATAGGGTGTTCACAGTAGGCAATTGTCTTGTATATATTAGCATGGGATAATAATCTAGGGTTTCGTGCTCTTTCAGGTGGCTCGAAGAGTGGAAGCAATGGTTAATAGGGGCTGTTGGGGGTCTTCGGATTATCGCGTCAGAGGTGGAATTCTTAGATTGCGCTACGACGCACGAATGCGAAAGCATTTGCCAAAGATGTTT	0	0	0	0	0	0	0	169
ASV_00631	Eukaryota	NA	NA	NA	NA	NA	NA	NA	NA	99	40	37	32	31	31	31	31	31	AGCTCCAATAGCGTATATTAAAGTTGTTGCAGTTAAAAAGCTCGTAGTTGGATCTCAGGTCCAGGCTTGCGGTTCACCTCGCGGTGATTACTGCCTGTCCTGACCTACCTCCCGGTTGTCCCTTGGTGCTCTTAACTGAGTGTCTCGGGTGGCCGGAACGTTTACTTTGAAAAAATTAGAGTGTTCAAAGCAGGCTTTGTGCCTGAATAATGGTGCATGGAATAATGGAATAGGACCTCGGTTCTATTTTGTTGGTTTTCGGAACTTGAGGTAATGATTAAGAGGGACAGACGGGGGCATTCGTATTACGGTGTTAGAGGTGAAATTCTTGGATCGCCGTAAGACGAACTAGTGCGAAAGCATTTGCCAAGAATGTTT	0	0	0	0	165	0	0	0
ASV_00665	Eukaryota	NA	NA	NA	NA	NA	NA	NA	NA	89	24	10	8	8	8	8	8	5	AGCTCCAATAGCGTATATTAAAGTTGTTGCGGTTAAAAAGCTCGTAGTTGGATTTCTGTCGGTGAGGTGCAGTCCGGCCTTTGTGTTGTGTACTTGTACCGCCACCGGCATCTTCCTAGGGACTGTGTCTGCTCTTCATTGAGTGGCGCATAATCTAGGACTTTTACTTTGAGGAAATAGGAGTGTTTCAAGCAGGCATGCGCCGTGAACACGTTAGCATGGAATAATAGCATCGGACCTCGCTCCAAAGCTGTTGGTTTCTTGGAACGAGGTAAAGGTGAATAGGGATTGTTGGGGGCATTCGTATTTAACTGTCAGAGGTGAAATTCTTGGATTTGTTGAAGACGGACTACTGCGAAAGCATCTGCCAAAGATGTTC	0	0	0	0	152	0	0	0
ASV_00802	Eukaryota	Amoebozoa	Tubulinea	Tubulinea_X	Elardia	NA	NA	NA	NA	98	60	55	55	55	30	25	18	18	AGCTCCAATAGCGTATATTAATGTTGTTGCAGTTAAAAAGCTCGTAGTTGGATTTCTGGTGGGAGCGGCCGGTCCGCCCCTCACGGGGTGTGTACTGCGTCGTCTCTGGCCATCCTTGTGGAGAGCGGCTCGCGCATTAAGTTGTGCGGGTCGGGATCCGCATCGTTTACTGTGAAAAAATTAGAGTGTTTAAAGCAGGCGTTTGCTGTGAATACATTAGCATGGAATAATAAGATAGGGCTTTGGTGCTATTTTGTTGGTTTGCACACCGAGGCAATGATTAATAGGGACAGTTGGGGGTATTCGTATTTAGATGTCAGAGGTGAAATTCTTGGATTTTCGAAAGACGAACTACTGCGAAAGCATTTACCAAGGATGTTT	54	0	0	0	61	0	0	0
ASV_00804	Eukaryota	NA	NA	NA	NA	NA	NA	NA	NA	99	36	32	30	30	30	29	29	29	AGCTCCAATAGCGTATATTAAAGTTGTTGCGGTTAAAAAGCTCGTAGTTGGATTTCTTCTCTTGTCAGCCGGTCCTCACTTCGTGAGAGTATCTGGTCAGACTCGAGAATCCTCTCGGGGAACGTCGTTGCGCTTGATTGCGTGACACGGGTGCCGAGACTTTTACTTTGAGGAAATTGGAGTGTTCACGGCAGGCAATCGCCTTGTACACATTAGCATGGAATAATAATATAGGATCTCGATTCTATTTTGTTGGTTTCTAGAATCAAGATAATGATTAATAGGGACAATTGGGGGCACTCGAATTAACGCGTCAGAGGTGGAATTCTTGGATTGCGTTACGTCGAACTACTGCGAAAGCATTTGCCAAGGATGTTT	0	0	0	115	0	0	0	0
ASV_00825	Eukaryota	NA	NA	NA	NA	NA	NA	NA	NA	95	20	18	18	18	14	14	13	13	AGCTCCAATAACGTATATTAAAGTTGTTGCGGTTAAAAAGCTCGTAGTTGGATTTCTGTCGAGATTGATCGGTCCTCCCTCTGGGAGCGTATCTGATTCGGTTTTGGCATCCTCGTATTTTGTTTTCTGTCCTTCATTGGATGGAAAATGAGTACGACTTTTACTTTGAGGAAATTCGAGTGTTTACGGCAGGCAATCGCCCTGAAGATATTAGCATGGAATAATAATATAGGACCTTGGCCCTATTTTGTTGGTTTCTAGAGCTGAGGTAATGATTAATAGGGATATTTGGGGGCATTCGTACTAACCGGTCAGAGGTGGAATTCTTGGATTCGGTTATGACGAACGACTGCGAAAGCATTTGTCAAGAATGTTT	0	0	111	0	0	0	0	0
ASV_00863	Eukaryota	NA	NA	NA	NA	NA	NA	NA	NA	100	49	45	44	44	39	39	37	37	AGCTCCAATAGCGTATATTAAAGTTGTTGCGGTTAAAAAGCTCGTAGTTGGATTTCTGTTGAGGAAGTCCGGTCCGCACTTTGTGCGTGATCTGGTTCTGCCTCGGCATCCTCGCGGGGAACGCGCTGCGCTTGATTGCGTGGTGCGGTATTCGCGACTTTTACTTTGAGGAAATTAGAGTGTTCACGGCAGGCTATCGCCTTGAATACGTTAGCATGGAATAATAATATAGGATCTTGGTTCTATTTTGTTGGTTTCTAGAACTAAGGTAATGATTAATAGGGATAATTGGGGGCATTTGTATTAACACGTCAGAGGTGAAATTCTTGGATTGTGTTACGACAAACTACTGCGAAAGCATTTGCCAAGGATGTTT	0	0	0	0	101	0	0	0
ASV_00881	Eukaryota	TSAR	Alveolata	Ciliophora	NA	NA	NA	NA	NA	99	72	72	70	33	33	33	23	23	AGCTCCAATAGCGTATATTAAAGTTGTTGCAGTTAAAAAGCTCGTAGTTGGATCCCGGGCGACGGCGTGCGGTCCTCCTCGCGGAGGTCACTGCTCGTCCGTCCCTAACAGCCGTTTTTCCCGGGGTACTCTTCGCTGAGCGCCTCGGGTGGACGGAACGTTTACTTTGAAAAAATTAGAGTGTTCAAAGCAGGCAGCTCGCCTGAATAATGGTGCATGGAATAATGGAATAGGACCTCGGTTCTATTGTGTTGGTCTTCGGAGCTCGAGGTAATGATTAAAAGGGACGGCCGGGGGCATTAGTATTACGGTGTTAGAGGTGAAATTCTTGGATCGTCGTAAGACTAACTACTGCGAAAGCATTTGCCAAGAATGTTT	0	0	0	0	97	0	0	0
ASV_00899	Eukaryota	Amoebozoa	NA	NA	NA	NA	NA	NA	NA	100	57	41	41	41	27	23	19	19	AGCTCCAATAGCGTATATTAATGTTGTTGCAGTTAAAAAGCTCGTAGTTGAATTTCTGGAGAGAACTTATGGTCCGAGGCCTAGTGTCTTGCGTACTGTTTCTGTTCAATCCATCTTAGTAGTGAGTGTAACTGGCATTAGGTTGTCGGATGCAGGATCTGCTTCGTTTACTGTGAATAAAATAGAGTGTTTAAAGCAGGCATTACGCCTTGAATACTTCAGCATGGAATAAAAATATAGGACTTAGGTGCTATTTTATTGGTTTGCACACCAAGTAATGATTAATAGGGATAGTTGGGGGTATTCATATTTGATTGTCAGAGGTGAAATTCTTGGATTTATGAAAGATGAACTTATGCGAAAGCATTTACCAAGGATGTTT	0	94	0	0	0	0	0	0
ASV_00924	Eukaryota	NA	NA	NA	NA	NA	NA	NA	NA	94	22	20	19	18	15	15	15	15	AGCTCCAATAGCGTATATTAAAGTTGTTGCGGTTAAAAAGCTCGTAGTTGGATTTCTGCTGAGGACGACCGGTCCGCCCACTGGGTGTGCATCTGGCTCGGCCTTGGCATCTTCTTGGAGAACGTATCTGCACTTCATTGTGTGGTGCGGTAACCAGGACCTTTACTTTGAGGAAATTAGAGTGTTTCAAGCAGGCGTGCGCCTTGAATACATTAGCATGGAATAATAAGATAGGACCTTAGTTCTATTTTGTTGGTTTCTAGAGCTGGGGTAAAGATTAATAGGGATAGTTGGGGGCATTCGTATTTAACTGTCAGAGGTGAAATTCTTGGATTTGTTAAAGACGGACTACTGCGAAAGCATTTGCCAAGGATGTTT	0	0	66	22	0	0	0	0
ASV_00962	Eukaryota	Obazoa	Opisthokonta	NA	NA	NA	NA	NA	NA	100	53	53	48	3	3	3	2	2	AGCTCCAATAGCGTATATTAAAGTTGTTGCGGTTAAAAAGCTCGTAGTTGGATTTCTGTCGAGAACGGCCGGTCCGCACTATGTGCGTGTATCTGGTTCGGTCTTGGCATCCTCTTGGAGAACGTAACTGCGCTTGATTGCGTGGTGCGGTATTCAAGACTTTTACTTTGAGGAAATTAGAGTGTTCACGGCAGGCAAGCGCCTTGAATATATTAGCATGGAATAATAATATAGGATCTCGGTTCTATTTTGTTGGTTTCTAGAATCAGGATAATGATTAATAGGGATAATTGGGGGCATTTGTATTAACGCGTCAGAGGTGGAATTCTTGGATTGCGTTACGACAAACTACTGCGAAAGCATTTGCCAAGGATGTTT	0	0	0	0	84	0	0	0
ASV_00973	Eukaryota	TSAR	Alveolata	Dinoflagellata	Dinophyceae	NA	NA	NA	NA	98	60	58	54	54	27	6	2	2	AGCTCCAATAGCGTATATTAAAGTTGTTGCGGTTAAAAAGCTCGTAGTTGGATTTCTGCCGAGGACGGCCGGTCCGCACTATGTGCGTGTATCTGGTTCGGCCTTGGCATCCTCTCGAAATACGTTCTGCGCTTGATTGCGTGGTGCGGAGTTCGAGACTTTTACTTTGAGGAAATTAGAGTGTTCACGGCAGGCAATCGCCTTGAATATATTAGCATGGAATAATAATATAGGATCTTGGTTCTATTTTGTTGGTTTCTAGAGCTAGGATAATGATTAATAGGGACAATTGGGGGCATTCGTATTAACGCGTCAGAGGTGGAATTCTTGGATTGCGTTACGACGAACTACTGCGAAAGCATTTGCCAAGGATGTTT	0	0	0	0	83	0	0	0
ASV_00987	Eukaryota	TSAR	Alveolata	Dinoflagellata	Dinophyceae	NA	NA	NA	NA	100	75	74	66	64	30	27	14	14	AGCTCCAATAGCGTATATTAAAGTTGTTGCGGTTAAAAAGCTCGTAGTTGGATTTCTGTTGAAGACGGCCGGTCCGCTCTATGAGCGTGTATCTGGTTCGGCTTTGGCATCCTCGTGGGGAACGTAACTGTGCTTGATTGCATGGTACGGTATTCACGACTTTTACTTTGAGGAAATTAGAGTGTTCACGGCAGGCAAGCGCCTTGAATATATTAGCATGGAATAATAATATAGGACTTTGGTTCTATTTTGTTGGTTTCTAGAACTAAAGTAATGATTAATAGGGATAATTGGGGGCATTTGTATTAACGCGTCAGAGGTGGAATTCTTGGATTGCGTTACGACAAACTACTGCGAAAGCATTTGCCAAGGATGTTT	0	81	0	0	0	0	0	0
ASV_00988	Eukaryota	NA	NA	NA	NA	NA	NA	NA	NA	93	33	30	30	30	19	19	19	19	AGCTCCAGTAGCGTATATTAAAGTTGTTGCAGTTAAAAAGCTCGTAGTTGGATTTCTGGCTTGACGCGTCTGACCCGCCACAGTTATGTGTGTGAGTGTCGGTGCTCGTCTGCCATCCTTCTGGAAAACGTGTCTACCCTTCATTGGGCCGGATGCGCGATCCAGATCTTTTACTTTGAAGAAATTAGAGTGTTCAAAGCAGGCTTGCGCTATGAATACATTAGCATGGAATAATAATCTAGGACTCCGGTTCTATTTTGTTGGTTTCTAGGACTGAAGTAATGATTGATAGGGATAGTTGGGGGTGCTAGTATTCAGCGGCCAGAGGTGAAATTCTCGGATTCGCTGAAGACTAACTTATGCGAAAGCATTCACCAAGGATGTCTTCT	0	21	0	0	42	0	0	18
ASV_00998	Eukaryota	TSAR	Alveolata	Dinoflagellata	Syndiniales	Dino-Group-I	NA	NA	NA	98	62	62	59	50	50	39	39	39	AGCTCCAATAGCGTATATTAAAGTTGTTGCAGTTAAAAAGCTCGTAGTCCGATTTCTGGTTTAAGGGATCTGTCTTGTCTCACGGCAAGAACTGTGTCCCTTGAACCATCCTTGGACGGATCCTACCTGGTATTAACTTATTGGGTTGGCTAAGTCCATCATTTACTGTGAGAAAATTAGGGTGTTCAAAGCAGGCTTATGCCTGAATATATTAGCATGGAATAACAATATAGGACCTCGGTACTATTTTGTTGGTTTGCGCACTGGGGTAATGGTCAATAGGGATAGATTGTGGGTATTGGTATTCCAGTGTCAGGGGTGAAATCCTTAAATTACTGGAAGACTAACTACTGCGAAAGCATTTACCAAGGATGTTT	0	50	0	0	0	0	30	0
ASV_01027	Eukaryota	Obazoa	Opisthokonta	NA	NA	NA	NA	NA	NA	99	62	59	43	9	9	5	3	3	AGCTCCAATAGCGTATATTAAAGTTGTTGCGGTTAAAAAGCTCGTAGTTGGATTTCTGCTTGGAACGACCGGTCCGCCCTCTGGGTGTTGTATCTGGTTCGGTCCTGGCATCTTCTTGAGGAACGTTGCTGCACTTGAGTGTGTGGTGCGGAACTCAAGACTTTCACTTTGAGGAAATTAGAGTGTTTCACGCAGGCATGGATCCTGAATACGCTAGCATGGAATGATAAGATAGGACCTCGTCCCTACCTTGTTGGTTTGTAGAGATGAGGTAATGATTAATAGGGATAGTCGGGGGCATTCGTACTTAACTGTCAGAGGTGAAATTCTTGGATTTGTTAAAGACGGACTACTGCGAAAGCATTTGCCAAGGATGTTT	75	0	0	0	0	0	0	0
ASV_01037	Eukaryota	NA	NA	NA	NA	NA	NA	NA	NA	92	26	25	22	17	17	5	5	5	AGCTCCAATAGCGTATATTAAAGTTGTTGCAGTTAAAAAGCTCGTAGTTGGATTTCTGGTGGGAGTGACCGGTCTGCCCCGTTAGGGGTGTGTACTAGTGTCGTCTCTTGCCATCCTTGGGGAGAGCTTGCCTGGCATTAGGTTGTCGGGCAAGGGACCCCCATCCTTTACTGTGAAAAAATTAGAGTGTTTAAAGCAGGCTTAGGCCGTTGAATACATTAGCATGGAATAATGAGATAGGACTTTGGTGGTCTATTTTGTTGGTTTGCACACCAAGGTAATGATCAATAGGGACAGTTGGGGGTATCCGTATTTCGTAGTCAGAGGTGAAATTCTTGGATTTACGAAAGACGAACTACTGCGAAAGCATTTACCAAGGATGTTT	73	0	0	0	0	0	0	0
ASV_01102	Eukaryota	Obazoa	Opisthokonta	Metazoa	NA	NA	NA	NA	NA	98	60	60	57	45	33	32	1	1	AGCTCCAATAGCGTATATTAAAGTTGTTGCGGTAAAAAAGCTCGTAGTTGGATTTCTACCGAAGATAGCCGGTCGGGTCTTCGACCTTGTATCTGGTTTTGTCTTTGGTATCCTCATAGGGAACGTTGCTGCGCTTCATTGCGTGGTGCGGTATCTATGACTTTTACTTTGAGGAAATTAGAGTGTTCACGGCAGGCAAACGCCTTGAATATATTAGCATGGAATAATAACATAGGATCTTCGTCCTATTTTGTTGGTTTCTAGGGCTAAGATAATGATTAATAGGGATAATTGGGGGCATCTGTATCAACGCGTCAGAGGTGGAATTCTTGGATTGCGTTGCGACAAACTACTGCGAAAGCATTTGCCAAGGATGTTT	0	0	0	64	0	0	0	0
ASV_01113	Eukaryota	NA	NA	NA	NA	NA	NA	NA	NA	94	49	48	35	27	10	9	9	9	AGCTCCAATAGCGTATATTAAAGTTGTTGCAGTTAAAAAGCTCGTAGTTGGATGTCTAGCTTTGCGCGGACGGCCCGCCTTCGGGTTGAGTGCTGGAAGCGCTAGCTTGTTTTCCGGTTTGTGTCCCTTCCCTTGACTGTGGCGGGGTTCACGATCCGGATCTGTTACTTTGAAGAAATTCGGGTGTTCAAAGCAGGCTTATGCCGTGAAGACTGCAGCATGGAATAACAACATAGGGCTATCGCGTCTCATTTTGTTGGTTCTGGGATCGTAGCAATGATTGATACGGACCGTTGGGGGTGCTGCTATTCCGCGGCCAGAGGTGAAATTCTCAGATTCCCGGAAGAGCAACTTATGCGAAAGCGTTCACCAAGGAGGTCCTGT	0	0	62	0	0	0	0	0
ASV_01141	Eukaryota	TSAR	Alveolata	Dinoflagellata	NA	NA	NA	NA	NA	98	74	70	50	48	20	12	10	9	AGCTCCAATAGCGTATATTAAAATTGTTGCGGTTGAAAAGCTCGTAGTTGGAATTCTGCCTAGAGCAACTAGTCCGCTCATTGGGTGTGCATTTGGTTCGCTCTTGGCATTCTTCAGATTAGCTGTGATGCACTTGACTGTGTGTCCTGGGGATCTGATCTTTTACTTTGAGGAAATTAAAGTGTTTCACGCAGGCATACGCCTTGAATTTAATAGCATGGAATAATGGTTTAGGACCTTAGTTCTAACTTGTTGGTTCTTAGGAAGAAGGTAATGGTTAACAGGGAAAATTGGGGGTATTCGTATTTAACTGTCAGAGGTGAAATTCTTGGATTTGTTAAAGACGGACAACTGCGAAAGCATTTGCCAAGGATGTTT	0	0	0	0	0	0	0	60
ASV_01151	Eukaryota	NA	NA	NA	NA	NA	NA	NA	NA	94	29	23	22	22	18	18	18	18	AGCTCCAATAGCGTATATTAAAGTTGTTGCAGTTAAAAAGCTCGTAGTTGGATTTCTGTGTCAAGCTTCTGGTCCGCCGCACTGCGGTGCTGACTAAGTTGCGTTGACTCATCCTTGTGGGAATCAGTCTGGGCTTCATTGTCCGGCTGTTGCACCGCATCTTTTACTGTGAAAAAATTAGAGTGTTCAAAGCAGGCTTACGCTGTGAATACATTAGCATGGAATAATAAGATAGGACTTTGGTTCTATTTTGTTGGTTGGAGACCAAGGTAATGATTAATAGGGATAGTTGGGGGTATTCATATTTAATTGTCAGAGGTGAAATTCTTGGATTTATGAAAGATGAACTTATGCGAAAGCATTTACCAAGGATGTTT	0	0	59	0	0	0	0	0
ASV_01156	Eukaryota	NA	NA	NA	NA	NA	NA	NA	NA	97	9	8	8	7	7	7	7	7	AGCTCCAATAGCGTATATTAAAGTTGTTGCGGTAAAAAAGCTCGTAGTTGGATTTCTGTTGAGGACGACCGGTCCATACCATGTATGCGCATCTGGCTCGGCCTCGGCATCCTCTCGATAGACGTTTCTGCGCTTGATTGCGTGGAGCGGATCTCGGGACTTTTACTTTGAGGAAATTAGAGTGTTCACGGCAGGCTATCGCCAGAATACATTAGCATGGAATAATACTATAGGATCTCGGTTCTATTTTGTTGGTTTCTAGAATTGAGATAATGATTAATAGGGACAATTGGGGGCATTCGTATTAACACGTCAGAGGTGGAATTCTTGGATTGTGTTACGACGAACTACTGCGAAAGCATTTGCCAAGGATGTTT	0	0	0	0	59	0	0	0
ASV_01168	Eukaryota	TSAR	Alveolata	Dinoflagellata	Syndiniales	Dino-Group-I	Dino-Group-I_X	Dino-Group-I_XX	Dino-Group-I_XX_sp.	96	77	75	74	62	61	55	55	55	AGCTCCAATAGCGTATATTAATGTTGTTGCAGTTAAAAAGCTCGTAGTTGGATTTCGAATGGGAGCGGCTGGTCGGCTCCGCAAGGGGTCGCAACCGTGTTGTCTCCGGTTCTATTTCGGGTGATCTTGGTCATGGCATTGATTTGTCGTGGCTGAGTCCCGTCGTTTACTGTGAACAAATTAGAGTGTTCCAAGCAAGGCTTGACTTGAATACATTAGCATGGAATAATAAGATAGGACTTTGGTGGTTCTGCCCTCGTGGTGGATATTTTGTTGGTTTGCACGCCAAAGTAATGATTAATAGGAGCAGTTGGGGGTATTCGTATTCAATTGTCAGAGGTGAAATTCTTGGATTTCTAGAAGACGAACTACTGCGAAAGCATTTACCAAGGATGTTT	0	0	57	0	0	0	0	0
ASV_01182	Eukaryota	NA	NA	NA	NA	NA	NA	NA	NA	94	30	19	19	13	10	10	8	8	AGCTCCAATAGCGTATATTAAAATTGTTGCGGTTAAAACGCTCGTAGTTGGATATTTGTTGAGAACTGCCGGTCTACCCTAGTGGTGAGCACTCGGTTTGTCCTCGGCACTTTCCTGGGGAGAGTGTTTGCACTTCATTGTGTGGCACATGATCCAGAACTTTTACTTTGAGGAAATGAGAGTGTTTCAAGCAGGCGTCTGTCGTGAATACGTTAGCATGGAATAATAGCATAGGACCGCGGTCTGACGCTGTTGGTTGTTGGACCGGGGTAATGAAAATAGGGATAGTTGGGGGTATTCGTATTTAACTGTCAGAGGTGAAATTCTTGGATTTTTTAAAGACGGACTACTGCGAAAGCATCTGCCCAGGATGTTT	0	0	0	0	56	0	0	0
ASV_01188	Eukaryota	NA	NA	NA	NA	NA	NA	NA	NA	90	10	6	6	6	3	3	3	2	AGCTCCAATAGCGTATATTAAAGTTGTTGCAGTTAAAAAGCTCGTAGTTGGATTTCTGGGAGAGTGGCGATGTCCGCTTAACGTGTGTGCAGCGACGCTCTTCCATCCTTCTGTTAGCGTCTCTCGGCATTCACTTGTCGGTGGCGGGCTCAGATATTTTACCTTGAGAAAATTAGAGTGTTTCAGGCAGGCTAGGCCGGAATACATTAGCATGGAATAATGGAATAGGACTACGGTCTCTTTGTTGGTTTGAGGGACTGCAGTAATGATTAATAGGGATAGTTGGGGGCATTAGTATTTAATTGTCAGAGGTGGAATTCTCGGATTTGTTAAAGACTAACTTATGCGAAAGCATTTGCCAAGGATGTTT	0	0	0	0	0	56	0	0
ASV_01262	Eukaryota	NA	NA	NA	NA	NA	NA	NA	NA	100	45	39	18	18	16	16	8	8	AGCTCCAATAGCGTATATTAAAGTTGTTGCAGTTAAAAAGCTCGTAGTTGAAATTCCGGCGTCTTTGGACGTCTGCCTGGAAGAACTAGCGATACCGTAAAAAGTTTTGCTTTTTTGAACAGGCTTTTACTGTGAACAAATTAAAGTGCTCAAAGCAGGCTTTTGCTTGAATATTCTAGCATGGAATAATAAAATATGACTTTATTCATTTTATTGGTTATTGAATGAAGTAATGATTAATAGGAACAGTTGGGGGCATTCGTATTTAATAGTCAGAGGTGAAATTCTTAGATTTATTAAAGACGAACTAAAGCGAAAGCATTTGCCAAGGATGTTT	0	0	37	0	0	0	13	0
ASV_01297	Eukaryota	NA	NA	NA	NA	NA	NA	NA	NA	98	25	20	19	19	14	14	14	14	AGCTCTTTTAGCGAATATTAACGTTGTTGATGTTAAAAAGCTCGTAGTTGAAATTCTGGCCTTCGGGTCTGTCCGGGAAGCTGTTGGATAAGGTAATACTTTTCTTGCAGGTGAATGGACTTTTACTGTGAACAAAATAGAGTGCTTAAAGCAGGCGATAGCTTGAATATTTTAGCATGGAATAATAGAATATGACTTTATTCATTATGTTGGTTTCTGAATAGAGTAATGGTTAACAGGAACAGTTGGGGTCATTTGTATTTAATCGTCAGAGGTGAAATTCTTAGATTGATTAAAGACAAACTAATGCGAAGGCATTTGACAAGGATGTTT	0	0	0	0	48	0	0	0
ASV_01303	Eukaryota	NA	NA	NA	NA	NA	NA	NA	NA	95	26	24	24	24	24	24	24	14	AGCTCCAATAGCGTATATTAAAGTTGTTGCAGTTAAAAAGCTCGTAGTTGGACTTCTGATGTGGGACTGCGCCCCGGTATTTTGCCGTTGGGTGCGGTCTCGCGTCTTCCTCTCGTAGTTGGATGGTGCACTTAACTGGGTGCCTTCTGAATATGGGACCTTTACTTTGAAAAAATTAGAGTGTTCAAAGCAGGCAATCGCTTGAATACATTAGCATGGAATAATAGAATAGGACTTTGGTTCTATTTTGTTGGTTTCTAGGACCGAAGTAATGATTAATAGGGACAGTTGGGGGCATTAGTATTTAATTGTCAGAGGTGAAATTCTTGGATTTATGAAAGACTAACTACTGCGAAAGCATTTGCCAAGGATGTTT	0	47	0	0	0	0	0	0
ASV_01332	Eukaryota	NA	NA	NA	NA	NA	NA	NA	NA	99	30	28	26	25	25	25	25	25	AGCTCCAATAGCGTATATTAAAGTTGTTGCGGTTAAAAAGCTCGTAGTTGGATTTCTGTTGAGGTCAGCCGGTGCACACCTCGTGTGTTATTGTGTTTGGTCTCGACATCCTCTAGGGGACCGTTTCTATCCTTTATTGGACTGGACGGGACTTTAGACTTTTACTTTGAGGAAATTAGAGTGTTCACGGCAAGCAAGTGCTTTGAATACATTAGCATGGAATAATAATATAGGACCTTCGTTCTATTTTGTTGGTTTCTAGAACTTAGGTAATGATTAATAGGGACAATTGGGGGCATTCGTATTAACGCGTCAGAGGTGGAATTCTTAGATTGCGTTACGACGAACTACTGCGAAAGCATTTGCCAAAGATGTTT	0	0	0	0	45	0	0	0
ASV_01363	Eukaryota	TSAR	Rhizaria	Cercozoa	Endomyxa	Vampyrellida	NA	NA	NA	99	78	69	62	55	53	42	38	38	AGCTCCAATAGCGTATATTAAAGTTGTTGCAGTTAAAAAGCTCGTAGTTGGATTTCTGGCAGGGAGTGAGAACCCGCACGCAGCGTGGAACTCCTCTCCCTACCATCCTTCTGTTAAACCGTCGGGTCTTCACCGACCAGGCGGCGGCTCAGATAATTTACCTTGAGAAAATTAGAGTGTTTCAGGCAGGCCGACGCCGGGATACATTAGCATGGAATAATGGAATAGGACTGTCGTCTCTTCTGTTGGTCTGAGGGGTGGCCGTAATGATTAATAGGGATAGTTGGGGGCATTAGTACTTAACTGTCAGAGGTGAAATTCTCGGATTTGTTAAAGACTAACTTATGCGAAAGCATTTGCCAAGGATGTTT	0	0	0	0	43	0	0	0
ASV_01379	Eukaryota	NA	NA	NA	NA	NA	NA	NA	NA	100	31	17	12	12	11	1	1	1	AGCTCCAATAGCGTATATTAAAGTTGTTGCGGTTAAAAAGCTCGTAGTTGGATTTCTGTCGGTGAGTAGCGGTCCGCCCTCAGTGGTTGGTACTTGCTACGCCCCCGGCATCTTCCTGGGGACTGTGTCTGCTCTTCGCTGAGTGGTGCATGATCCAGGACTTTTACTTTGAAGAAATGAGAGTGTTTCAAGCAGGCATGCGCCCTGAATACGTTAGCATGGAATAATAGCATCGGACCTCGTTCCAAAGCTGTTGGTTTCTTGGACCGAGGTAAAGGTGAATAGGGATTGTTGGGGGCATTCGTATTTAACTGTCAGAGGTGAAATTCTTGGATTTGTTGAAGACGGACTACTGCGAAAGCATCTGCCAAAGATGTTC	0	0	0	0	42	0	0	0
ASV_01399	Eukaryota	TSAR	Alveolata	Dinoflagellata	Dinophyceae	NA	NA	NA	NA	83	79	79	79	79	30	30	27	27	AGCTCCAATAGCGAATACTAATTCTGCTGCAGTTAAAAAGCTCGTAGTTGAACCTCTGGTAGGGCGGATCCGGCCGTTGGGATGATTCCCTTTGTTGCTGTGTGTCTTGTCTGGCCATCTTTCCTTTTTCTTTGTTAAAAAGGATCTTTCACTGTAAAAAAATTAGGGTGTTTCAAGCAAAAGTTATTTGGAATATATTAGTATGGGATGATAAGATAAGCTTTAGTTGCTATTTTGTTGGTTTGCACAATTAAAGAATGATTAACAGGGACAGTTGGGGGTATTCATATTTACATGTCAGAGGTGAAATTCTTGGATTTTGGAAAGATGAACGACTGCGAAGGCATTTACCAAGGATGTTT	15	25	0	0	0	0	0	0
ASV_01423	Eukaryota	NA	NA	NA	NA	NA	NA	NA	NA	90	36	27	24	23	23	23	16	13	AGCTCCAATAGCGTATATTAAAGTTGTTGCGGTTAAAAAGCTCGTAGTTGGATTTCTGTCGGTGAGTCGCAGTCCGCTCTCAGTGGTTGGTACTGGCGATCTGACCGGCATCTTCCTGGGGACTGTGTCTGCTCTTCACTGAGTGGCGCATAATCCAGGACTTTTACTTTGAGGAAATAGGAGTGTTTCAAGCAGGCAATCGCCATGAACATGTTAGCATGGAATAATAGCATCGGACCTCGTTCCAAAGCTGTTGGTTTCTTGGAATGAGGTAAAGGTGAATAGGGATTGTTGGGGGCATTCGTATTTAACTGTCAGAGGTGAAATTCTTGGATTTGTTGAAGACGGACTACTGCGAAAGCATCTGCCAAAGATGTTC	0	0	0	0	39	0	0	0
ASV_01427	Eukaryota	NA	NA	NA	NA	NA	NA	NA	NA	99	8	5	5	5	5	5	5	5	AGCTCCAATAGCATATATTAAAGTTGTTGCAGTTAAAAAGCTCGTAGTTGGATTTCTGCGAGAGTGTCAATGTCCGCCCACGCGCGTGTGCAGCGACGCCCTCGCATCCTTCTGTTACCTCCTCTCGGCATTCACTTGCCGGTGGCTGGCTCAGAGAATTTACCTTGAGAAAATTAGAGTGTTTCAGGCAGGCTAGGCCGGAATACATTAGCATGGAATAATGGAATAGGACTACGGTCTCGTTGTTGGTTTGAGGGACTGCAGTAATGATTAATAGGGATAGTTGGGGGCATTAGTATTTAATTGTCAGAGGTGAAATTCTCAGATTTGTTAAAGACTAACTTATGCGAAAGCATTTGCCAAGGATGTTT	38	0	0	0	0	0	0	0
ASV_01462	Eukaryota	TSAR	Stramenopiles	Gyrista	NA	NA	NA	NA	NA	98	71	69	63	27	21	20	20	16	AGCTCCAATAGCGTATATTAAAGTTGTTGCGGTAAAAAAGCTCGTAGTTGGATTTCTGTTGAGGACGACCGGTCCATACCATGTATGCGCATCTGGTTCGGCCTCGGCATCCTCTCGATAGACGTTTCTGCGCTTGATTGCGTGGAGCGGATTTCGGGACTTTTACTTTGAGGAAATTAGAGTGTTCACGGCAGGCTTTCGCCAGAATACATTAGCATGGAATAATACTATAGGATTTCGATCTTATTTTGTTGGTTTCTAGGGTCGAAATAATGATTAATAGGGACAATTGGGGGCATTCGTATCAACGCGTCAGAGGTGGAATTCTTGGATTGCGTTGCGACGAACTACTGCGAAAGCATTTGCCAAGGATGTTT	36	0	0	0	0	0	0	0
ASV_01469	Eukaryota	NA	NA	NA	NA	NA	NA	NA	NA	97	5	5	5	5	5	5	3	3	ATCTCCAATAGCGTATATTAAAGTTGTTGCGGTTAAAAAGCTCGTAGTTGGATTTCTGCCGAGGACGACCGGTCCGCCCTCTGGGTGCGTATCTGGCTCGGCCTGGGCATCTTCTTGGAGAACGTGTCTGCACTTGACTGTGTGGTGCGGTATCCAGGACTTTTACTTTGAGGAAATTAGAGTGTTTCAAGCAGGCACACGCCTTGAATACATTAGCATGGAATAATAAGATAGGACCTCGGTTCTATTTTGTTGGTTTCTAGAGCTGAGGTAATGATTAATAGGGATAGTTGGGGGCATTCGTATTTAACTGTCAGAGGTGAAATTCTTGGATTTGTTAAAGACGGACTACTGCGAAAGCATTTGCCAAGGATGTTT	0	0	36	0	0	0	0	0
ASV_01509	Eukaryota	NA	NA	NA	NA	NA	NA	NA	NA	100	49	44	44	44	38	35	31	31	AGCTCCAATAGCGTATATTAAAGTTGTTGCAGTTAAAAAGCTCGTAGTCGGATTTCTGGTTGAAGGGATCTGTCTTGCCTCTCGGTGAGAACTGTGTCCCCTCGACCATCCTTGAACAGATCCAATCTGGTATTAATTTATCGGGTTGGCTAAGTTCATCATTTACTGTGAGAAAATTAGAGTGTTCAAAGCAGGCTTATGCCTGAATATATTAGCATGGAATAACAATATAGGGCCTCGGTACTATTTTGTTGGTTTGCGCACTGAGGTAATGGTCAATAGGGACAGTTTGTGGATATTGGTATTCCAGTGTCAGAGGTGAAATTCTTAGATTACTGGAAGACTAACTACTGCGAAAGCATTTATCAAGGATGTTT	34	0	0	0	0	0	0	0
ASV_01518	Eukaryota	NA	NA	NA	NA	NA	NA	NA	NA	92	11	8	7	5	4	4	4	4	AGCTCCAATAGCGTATATTAAAGTTGTTGCGGTTAAAAAGCTCGTAGTTGGATTTCTGCCGAGGACGTCCGGTCCATCCTCTGGATGTGTACATGGCACGGCCTGGGCATCTTCTTGGGGTACGTATCTGCACTTGACTGTGTGGTGCGGAATCCAGGACTTTTACTTTGAGGAAATTAGAGTGTTTCAAGCAGGCACGCGCCTTGAATACATTAGCATGGAATAATAAGATAGGACCTCGGTTCTATTTTGTTGGTTTCTAGAGCTGAGGTAATGATTAATAGGGATAGTTGGGGGCATTCGTATTTAACTGTCAGAGGTGAAATTCTTGGATTTGTTAAAGACGGACTACTGCGAAAGCATTTGCCAAGGATGTTT	0	0	0	34	0	0	0	0
ASV_01530	Eukaryota	TSAR	Alveolata	Dinoflagellata	Syndiniales	Dino-Group-II	NA	NA	NA	100	76	75	75	67	67	26	26	26	AGCTCCAATAGCGTATATTAAAGTTGTTGCGGTTAAAAAGCTCGTAGTTGGATTTCTGTTGAGGGAGCGCGGTCCGCACTTTGTGCGTGTATCTGTGTCTGTCTCGGCATCCTCTTGGGGAAGGCGTCTGTGCTTGATTGCATAGCGTCTGATTCAAGACTTTTACTTTGAGGAAATTAGAGTGTTCACGGCAAGCTATCGCTTTGAATACATTAGCATGGAATAATAATATAGGGCTTAAGTTCTATTTTGTTGGTTTCTAGGGCATAAGCAATGATTAATAGGGATAATTGGGGGCATTCGTATTAACGCGTCAGAGGTGGAATTCTTAGATTGCGTTACGACGAACTACTGCGAAAGCATTTGCCAAGGATGTTT	33	0	0	0	0	0	0	0
ASV_01541	Eukaryota	NA	NA	NA	NA	NA	NA	NA	NA	97	29	28	14	14	6	4	1	1	AGCTCCAGTAGCGTACACTAACATTGTTGCAGTTAAAAAGCTCGTAGTTGGATTTCTGTGCGATGCTGACGGTCTGCTCCCTTTGGGACGCGGCACCAGTCGTGCGTCGTGCATCCTGTCGTGACCTGCTCTGGCCTTGATTGGTCGGAGTCCAGCAAGCGGCTCATTTACTTTGAGAAAAACAGAGTGTTCAAAGCAGGCCAGTGCCTTGAATGTTCCAGCATGGAATAATGACATAGGACTTCTGTCTTGGTTGTTGGTGTACGGGACCGAAGTAATGATTGAGAGGGACGGTTGAGGGCATTTCTACTGTCGGGCGAGAGGTGAAATTCGCGGACCCCGGCAAGAGAAACTACTGCGAAGGCATCTGCCAAGGACGTTCCCT	0	0	0	0	33	0	0	0
ASV_01553	Eukaryota	Obazoa	Opisthokonta	NA	NA	NA	NA	NA	NA	100	53	52	34	25	25	18	1	1	AGCTCCAATAGCGTATATTAAAGTTGTTGCAGTTAAAAAGCTCGTAGTCGTATTTCTAGGTTAAGCATATTGTCCGGCACCTCAGGTGTTGTGTACATTTTTGTCTTAACCTATCCTTGTGGAGAGCTAGTCTGGTATTAATTTATTGGGCTAGGGATCTGCATCATTTACTGTGAAAAAATTAGAGTGTTTAAAGCAGGCATTTGCTGTGAATACATTAGCATGGAATAATAAGATAGGACTTTGGTACTATTTTGTTGGTTTGCATACCAAGGTAATGATAAATAGGGACAGTTGGGGGTATTCATATTTAGTTGTCAGAGGTGAAATTCTTGGATTTACGAAAGATGAACTTATGCGAAAGCATTTACCAAGGATGTTT	0	32	0	0	0	0	0	0
ASV_01554	Eukaryota	NA	NA	NA	NA	NA	NA	NA	NA	73	47	28	26	16	15	15	15	15	AGCTCCAATAGCGTATATTAATGTTGTTGCAGTTAAAAAGCTCGTAGTTGGATTTCTGGTGGGCCCGACCGGTCCGCCTCGCAAGGGGTGAGCACTGGCGTCGCGGTCCGCCATCCTTGGGGAGAGCGCCTCTGGCCTTCGTTGGTCGGGGGTGGGATCCCCATCGTTTACTGTGAGAAAATTAGAGTGTTCAAAGCAGGCTTACGCCTTGAATACATTAGCATGGAATAATAGTCGAGGCTCTTGGTCTGACTTGTTGGTTTGCAGCCCGAGAGAATGATTCAATAGGGATAGTTGGGGGTATTCGTATTCAATTGTCAGAGGTGAAATTCTTGGATTTATGGAAGACGAACTACTGCGAAAGCATTTACCAAGGATGTTT	0	0	32	0	0	0	0	0
ASV_01570	Eukaryota	TSAR	Alveolata	Dinoflagellata	Dinophyceae	NA	NA	NA	NA	99	77	77	70	70	38	20	19	19	AGCTCCAATAGCGTATATTAAAGTTGTTGCAGTTAAAAAGCTCGTAGTTGGATTTCTGGTGGGCGCGACCGGTCCGCCCCGCGAGGGGTGTGCACTGGCGTCGCCGTCCGCCATCCTTGGGGAGAGCGCGTCTGGCATTCGGTTGTCGGGCGCGGGATCCCCATCGTTTACTGTGAGAAAATCAGAGTGTTCAAAGCAGGCTTACGCCTTGAATATGTTAGCATGGAATAATAGTCGAGGCTTTCGGTCTGACTTGTTGGTTTGCAGCCCGAGAGAATGATTCAATAGGGATAGTTGGGGGTATTCGTATTCAATTGTCAGAGGTGAAATTCTTGGATTTATGGAAGACGAACTACTGCGAAAGCATTTACCAAGGATGTTT	17	0	0	0	14	0	0	0
ASV_01573	NA	NA	NA	NA	NA	NA	NA	NA	NA	6	6	6	6	6	6	6	6	6	AGCTCCAATAGCGTATATTAATGTTGTTGCAGTTAAAAAGCTCGTAGTTGGATTTCTGGTCGGAACGCCGGTCCGGCTCCGCAAGGGGTCGTGTATTGGTTTCTCCTGCCATCCTCAGGGGGAGCTGCGCTGGTATTCATTTATCGGCGTGGTTACGCCTGTCGTTTACTGTGAACAAATTAGAGTGTTCAAAGCAAGGTGTACTTGAATACATTAGCATGGAATAATAAGATAGGACTTTGGTGGTTCTTTTTGATATTTTGTTGGTTTGCACGCCAAAGTAATGATTAATAGGAGCAGTTGGGGGTATTCGTATTCAATTGTCAGAGGTGAAATTCTTGGATTTATAGAAGACGAACTACTGCGAAAGCATTTACCAAGGATGTTT	0	31	0	0	0	0	0	0
ASV_01575	Eukaryota	NA	NA	NA	NA	NA	NA	NA	NA	96	24	20	19	16	11	11	11	11	AGCTCCAATAGCGTATATTAAAGTTGTTGCAGTTAAAAAGCTCGTAGTCTGAACCTTGGTCGGCATTGAGCGTCCGAGGCCTTTGGTCTCGCGCATGCGATCTGCCTGGCCATGTACTTCGGAGGAGCGCGTGTGCTTTTCACTAAGTGCGCGTGGGATTCCGATAGTTTACTTTGAGAAAAATAGAGTGTTCAAAGCAGGCGTTTGCCTTGAATACATTAGCATGGGATAATGAAATAGGACATTGGTTCTATTTTGATGGTTTACGGACCGATGTAATGATTAATAGGGACAGTTGGGGACATTCATATTCCATGGCTAGAGGTGAAATTCTTGGATTCATGGAAGATGAACTACTGCGAAAGCATTTGTCAAAGATGTTT	0	0	0	31	0	0	0	0
ASV_01595	Eukaryota	TSAR	Alveolata	Dinoflagellata	Syndiniales	Dino-Group-II	Dino-Group-II-Clade-16	Dino-Group-II-Clade-16_X	Dino-Group-II-Clade-16_X_sp.	100	71	71	71	67	67	66	66	66	AGCTCCAATAGCGTATATTAAAGTTGTTGCAGTTAAAAAGCTCGTAGTCGTATTTCTAGGTTGAGTGTAGTGTCCGGTGGCACAGCTACTGTGAACATTTTACATCTCGACCTATCCTTATAGTGAGCTTGTTTGGTCTTAATTGATTGAGCAAGGGAGCTATATCGTTTACTGTGAAAAAATTAGAGTGTTTAAAGCAGGCATTTGCTGTGAATACATTAGCATGGAATAATAAGATAGGACTTTGGTACTATTTTGTTGGTTTGCATACCAAGGTAATGATGAATAGGGACAGTTGGGGGTATTCATATTTAGTTGTCAGAGGTGAAATTCTTGGATTTACGAAAGATGAACTTATGCGAAAGCATTTACCAAGGATGTTT	0	0	0	30	0	0	0	0
ASV_01609	Eukaryota	TSAR	Alveolata	Dinoflagellata	NA	NA	NA	NA	NA	99	57	55	54	43	43	3	3	3	AGCTCCAATAGCGTATATTAAAGTTGTTGCAGTTAAAACGCTCGTAGTCTGATGTAATGGGGACTGGAGTGGGGAGCAGCGATGCTCTTTGCTTTGGTCCTCATCAGGGGGACAGCAATGTCCCAGTTTACTTTGAGGAAATTAGAGTGTTCAAAGCAGGCGATTGCTTGAATACTGCAGCATGGAATAATGGAATAGGACTCGCGTCTTATTTTGTTGGTTTGGAGATGTGAGTAATGATGAATAGGGACAGTTGGGGGCATTGGTATTCAGTAGTCAGAGGTGAAATTCTTGGATTTACTGAAGACTAACTAGTGCGAAAGCATTTGCCAAGGATGTTT	0	29	0	0	0	0	0	0
ASV_01612	Eukaryota	Obazoa	Opisthokonta	Fungi	NA	NA	NA	NA	NA	99	70	70	64	31	15	10	10	6	AGCTCTGTAAGCGTATACCCAAGTTGTTGCAGTTAAAACGCTCGTAGTCGGAAGTTGGCGGGCGAGCTGGGGCGTCTTCGCGGACGGACCTGGATCGGCCGCCTTTGTGGAGGGGGGCGCGGGGCCGCTTGAGTGCGTACTCGTTGTCGCTGCCACCGTTTACTGTGAAAAAATTAGAGTGTTCAAAGCGGGCGTTTGCCATGAATACCTTAGCATGGAATAATAGAATAGGACCTGTGTTCTGTTTTGTTGGTTTGTGAGGACCGGGTAATGATTAAGAGGGACGGTTGGGGGCATTTGTATTCCGGCGTCAGAGGTGAAATTCTTGGATTGTCGGAAGACAAACGGCTGCGAAAGCGTCTGCCAAGGACGTTT	0	0	0	29	0	0	0	0
ASV_01650	Eukaryota	NA	NA	NA	NA	NA	NA	NA	NA	88	7	5	4	4	3	3	3	2	AGCTCCAATAGCGTATATTAAAGTTGTTGCAGTTAAAAAGCTCGTAGTTGGATTTCTGGGAGGGTGCCGATGTCCGCTTAACGTGTGTGCAGCGGCGCCCTCTCATCCTTCTGTGAGCGTCTCTTGGCATTCATTTGCTGGTGGCGGGCTCAGATATTTTACCTTGAGAAAATTAGAGTGTTTCAGGCAGGCTAGGCCGGAATACATTAGCATGGAATAATGGAATAGGACTACGGTCTCTTTGTTGGTTTGAGGGACTGCAGTAATGATTAATAGGGATAGTTGGGGGCATTAGTACTTAACTGTCAGAGGTGGAATTCTCAGATTTGTTAAAGACTGACTTATGCGAAAGCATTTGCCAAGGATGTTT	27	0	0	0	0	0	0	0
ASV_01674	Eukaryota	NA	NA	NA	NA	NA	NA	NA	NA	98	23	18	16	6	6	3	3	3	AGCTCCAAGAGCGTATGTAAAAGTTGTTGCAGTTAAAAAGCTCGTAGTTGAACCTTGGGTTTGGTTGGCCGGTCCGCTTTTTTGCGAGTACTGGATTCAACCGAGCCTTTCCTTCTGGCTAACCAGTCGTTTCGGCGGCTGGCGAACCAGGATTTTTACTTTGAGAAAATTAGAGTGTTCAAAGCAGGCATTAGCTTGAATATATTAGCATGGAATAATAGAATAGGACGTTATGGTTCTATTTTGTTGGTTTCTAGGACCATCGTAATGATTAATAGGGACGGTCGGGGGCATCAGTATTCAGTTGTCAGAGGTGAAATTCTTGGATTTACTGAAGACTAACTACTGCGAAAGCATTTGCCAAGGACGTTT	26	0	0	0	0	0	0	0
ASV_01700	Eukaryota	NA	NA	NA	NA	NA	NA	NA	NA	94	19	14	14	13	11	11	10	10	AGCTCCAGTAGCGTATACTAATGTTGCTGCAGTTAAAAAGCTCGTAGTTGGATTTCTGGGTGATATTCTCGGTCCGTCCGGTTTACCGGTATGAGTATCGAATTATATCTCTCATCCTAGATATTATCTTGGGGCTTGTCTCCTTGGTTTTATCTTCTTTTACTTTGAAAAAATTAGAGTGTTCAAAGCAGGCTTGCGCAATGAATACATTAGCATGGAATAATAATATAGGACTTCGGTTTTATTTTGTTGGTTTCTAGAATTGAAGTAATGATTGATAGGGACAGTTGGGGGTGCTAGTATTGAGTGGCCAGAGGTGAAATTCTTGGATTCACTCAAGACTAACTTATGCGAAAGCATTCACCAAGGATGTCTTCT	0	0	0	0	26	0	0	0
ASV_01706	Eukaryota	NA	NA	NA	NA	NA	NA	NA	NA	93	23	20	10	10	0	0	0	0	AGCTCCAATAGCGTATATTTAAGTTGTTGCGGTAAAAAAGCTCGTAGTTGGATTTCTGTCGGGTGCCGGCGGTCCAAACCATGTTTGTGCATCTGCTTGGCGCTCGACATCCTGTTGCGGAGCGTTTCTGCGCTTGATTGCGTGGAGCGTACTGCAGCACTTTTACTTTGAGGAAATTAGAGTGTTCACGGCAGGCTGTCGCCAGAATACGTTAGCATGGAATAATACTATAGGATTCCGATCCTATTTTGTTGGTTTCTAGGTTCGGAATAATGATTAATAGGGACAATTGGGGGCATTTGTACGATCGCGTCAGAGGTGGAATTCTTGGATTGCGATCTGACAAACTACTGCGAAAGCATTTGCCAAGGATGTTT	0	25	0	0	0	0	0	0
ASV_01720	Eukaryota	NA	NA	NA	NA	NA	NA	NA	NA	95	46	30	22	21	21	21	5	5	AGCTCCAATAGCGTATATTAAAGTTGTTGCAGTTAAAAAGCTCGTAGTTGGATTTCTGACGTGAGGTGCTTGACCCGCGGACGTTAGTCCTGTGAGTGTCGGTGTGCCTCGGTCATCCTTCTAGAAATTGGCAATGCTATTCATTTAGTTGTTGTCAGGATCTAGATCTTTTACTTTGAAAAAATTAGAGTGTTTAAAGCAGGCTTACGCCTTGAATACATTAGCATGGAATAATAACTTAGGACTTTGGTTCTATTTTGTTGGTTTCTAGGACCGAAGTAATGATTGATAGGGATAGTTGGGGGTGCTAGTATTCAGCGGCCAGAGGTGAAATTCTTGGATTCGCTGAAGACTAACTTATGCGAAAGCATTCACCAAGGATGTCTTCT	0	0	0	0	25	0	0	0
ASV_01756	Eukaryota	TSAR	Alveolata	Dinoflagellata	Dinophyceae	NA	NA	NA	NA	100	61	61	58	57	32	10	10	5	AGCTCCAGGAGTGTATATTAAAGTTGTTGCGGTGAAAAAGATCGTAGTTGACATCTTACTGAAATCTGCTTTTCATTTCGATGACTTTGAATTAGACTTAATTTCGTAATAACTTCATGTATTTGTGTTGAATTTGAATATTTGACTCGGATCTAGGTTTTACCTTGAAGAAATTAGAATGCTTAAATTAGATGAATGTAATGAATACTTGAGCATGGAATAATAAAATTGAATTTGGAAAGATTTCGTTGGTACATCATTCCAATGTAACGATTAATAGGAATAGTTAGGGGTACTCGTATTTGATTGTCAGAGGTGAAATTCTTGGATTAATCAAAGACTATCTAGAGCGAAAGCATTTGCCAGAGATGTT	0	0	0	0	24	0	0	0
ASV_01777	Eukaryota	TSAR	NA	NA	NA	NA	NA	NA	NA	99	51	28	8	2	2	2	2	2	AGCTCCAATAGCGTATATTAAAGTTGTTGCGGTTAAAAAGCTCGTAGTTGGATTTCTGTCGAAGGCGGCCGGTCCGCACTATGTGCGTGCATCTGGTTCGGTTTTGGCATCCTCTTGGGGATCGTTTCTGTGCTTGATTGCATGGAGCGGAATTCAAGACTTTTACTTTGAGGAAATTAGAGTGTTCACGGCAAGCTATCGCTTTGAATACATTAGCATGGAATAATAATATAGGGCGTAAGTTCTATTTTATTGGTTTCTAGAACATACGCAATGATTAATAGGGATAATTGGGGGCACTCGTATTAACGCGTCAGAGGTGGAATTCTTAGATTGCGTTACGACGAACTACTGCGAAAGCATTTGCCAAGGATGTTT	0	0	0	0	23	0	0	0
ASV_01782	NA	NA	NA	NA	NA	NA	NA	NA	NA	9	9	9	9	9	9	9	9	9	AGCTCCAATAGCGTATATTAAAATTGTTGCGGTTAAAACGCTCGTAGTTGGGTATCTGCTGAGAACTGCTGGTCTATCCCAGTGATACGTACACGGTTTGATCTCGGCAAGCACCTGAGTAAAGTGTCGGCACTTAATTGTGTTGCTCTTGAATCAGAACTTTTACTTTGAGGAAATGAGAGTGTTTCAAGCAGGCCACTGTCATGAATACGTTAGCATGGAATAATAGCACAGGACTTCGGTCTGGGGCTGTTGGTTTTCGGACCGAGGTAACGGAAATGGGGATAGTTGGGGGCATTCGTATTTAACTGTCAGAGGTGAAATTCTTGGATTTTTTAAAGACGGACTACAGCGAAAGCATCTGCCCAGGATGTTT	0	0	0	0	23	0	0	0
ASV_01793	Eukaryota	TSAR	Alveolata	Ciliophora	Phyllopharyngea	NA	NA	NA	NA	98	75	75	74	55	44	38	38	24	AGCTCCAATAGCGTATACTAATATTGCTGCAGTTAAAAAGCTCGTAGTTGAATTTCTGGTGACACGGTCTGGCCGGTTACTTAATTGTGACTTGTGCCATCGCCTTGTTGCCATCTTTTGGTTTAACCAATCTGGCATTAGGTTGTCGGGTTGGTGATACCAATCGTTTACTGTGAAGAAATTAGAGTGTTCAAAGCAGGCTTATGCCGTTGAATATTTTAGCATGGAATAATAAGATAGGACTCTGGTGCTATTTTGTTGGTTTGCGCACTAGAGTAATGATTAATAGGGACAGTTGGGGATATTTGTACTAGGGAATTAGAGGTGAAATTCTTGGATTTCCTTATGACAAACGACTGCGAAAGCATTTATCAGGGATGTTT	22	0	0	0	0	0	0	0
ASV_01795	Eukaryota	TSAR	Alveolata	Dinoflagellata	Syndiniales	Dino-Group-II	NA	NA	NA	100	79	79	78	72	72	12	12	12	AGCTCCAATAGCGTATATTAAAGTTGTTGCGGTTAAAAAGCTCGTAGTTGGATTTCTGCCGAGGACGACCGGTCCGCCCTCTGGGTGAGCATCTGGCTCGACCTGGGCATCTTCTTGGAGAACGTAGCTGCACTTGATTGTGTGGTGCGGTATCCAGGACTTTTACTTTGAGGAAATTAGAGTGTTTCAAGCAGGCACACGCCTTGAATACATTAGCATGGAATAATAAGATAGGACCTCGGTTCTATTTTGTTGGTTTCTAGAGCTGAGGTAATGATTAATAGGGATAGTTGGGGGCATTCGTATTTAACTGTCAGAGGTGAAATTCTTGGATTTGTTAAAGACGGACTACTGCGAAAGCATTTGCCAAGGATGTTT	0	22	0	0	0	0	0	0
ASV_01817	Eukaryota	Obazoa	Opisthokonta	NA	NA	NA	NA	NA	NA	100	76	75	18	18	18	18	18	18	AGCTCCAATAGCGTATATTAAAGTTGTTGCGGTTAAAAAGCTCGTAGTTGGATTTCTGCCGAGGACGACCGGTCCGCCCTCTGGGCGTGCATCTGGATCGGCCTGGGCATCCTCTTGGGGAACGTAGCTGCACTTGACTGTGTGGTGCGGTATCCAGGACTTTTACTTTGAGGAAATTAGAGTGTTTCAAGCAGGCAATTGCCTTGAATACATTAGCATGGAATAATAAGATAGGACCTCGGTTCTATTTTGTTGGTTTCTAGAGCTGAGGTAATGATTAATAGGGATAGTTGGGGGCATTCGTATTTAACTGTCAGAGGTGAAATTCTTGGATTTGTTAAAGACAGACTACTGCGAAAGCATTTGCCAAGGATGTTT	21	0	0	0	0	0	0	0
ASV_01825	Eukaryota	Obazoa	Opisthokonta	NA	NA	NA	NA	NA	NA	100	75	75	42	27	27	27	7	7	AGCTCCAATAGCGTATATTAAAGTTGTTGCAGTTAAAAAGCTCGTAGTTGGAGTTCGGGGAAAGCTCAGTCGGTCGGCCTAATGGGTCAGAACTGGCTGACTCTCTCTTGTTTGCGGATCCCTCCCGGAGTTAACTCTTCAGGTTGTGGAGTCCGCATCGTTTACCTTGAAAAAATTAGAGTGTTCAAAGCAGGCGTTTGCTTGAATATATTAGCATGGAATAATGGAATAGGACCCTGGTTCTATTTTGTTGGTTTTGAGAACCAGAGTAATGATTAATAGGGATAGTTGGGGGCATTCATATTTCATTGTCAGAGGTGAAATTCTTGGATTTATGAAAGATGAACTTCTGCGAAAGCATTTGCCAAGGATGTTT	0	0	0	21	0	0	0	0
ASV_01846	Eukaryota	TSAR	Alveolata	NA	NA	NA	NA	NA	NA	100	70	63	13	13	13	6	6	4	AGCTCCAATAGCGTATATTAAAGTTGTTGCGGTTAAAAAGCTCGTAGTTGGATTTCTGTTGAGGGCAGCCGGTCCGCATTTCGTGCGTGTATCTGGTTTGACCTCGGCATCCTCTCAAAAAACGTTTCTGCGCTTGATTGCGTGGAGCGGAGTTTGAGACTTTTACTTTGAGGAAATTAGAGTGTTCACGGCAGGCAATCGCCTTGAATATATTAGCATGGAATAATAATATAGGATCTTGGTTCTATTGTTGGTTTCTAGAGCTAGGATAATGATTAATAGGGACAATTGGGGGCATTCGTATTAACGCGTCAGAGGTGGAATTCTTGGATTGCGTTACGACGAACTACTGCGAAAGCATTTGCCAAGGATGTTT	0	20	0	0	0	0	0	0
ASV_01849	NA	NA	NA	NA	NA	NA	NA	NA	NA	8	8	8	8	8	8	8	8	8	AGCTCCAATAGCGTATATTAAAGTTGTTGCGGTTAAAAAGCTCGTAGTTGGATTTCTGTTGAGGAAGTCCGGTCCGCACTTTGTGCGTGATCTGGTTCTGCCTCGGCATCCTCGCGGGGAACGTGCTGCGCTTGATTGCGTGGTGCGGTATTCGCGACTTTTACTTTGAGGAAATTAGAGTGTTCACGGCAGGCAATCGCCTTGAATACGTTAGCATGGAATAATAATATAGGACCTTGGTTCTATTTTGTTGGTTTCTAGAACTAAGGTAATGATTAATAGGGATAATTGGGGGCATTTGTATAGTAACGTCAGAGGTGAAATTCTTGGATTGTTACTCGACAAACTACTGCGAAAGCATTTGCCAAGGATGTTT	0	0	0	20	0	0	0	0
ASV_01850	Eukaryota	TSAR	Alveolata	NA	NA	NA	NA	NA	NA	96	65	59	3	3	3	3	3	2	AGCTCCAGTAGCGTATATTAAAGTTGTTGCAGTTAAAAAGCTCGTAGTTGGATCTCGGGTTGTCGATAGTGGTTCAGGTTTATGCCTGCTTACTGCTACCGATACCTAACCGGCGGGACGCATTGGGTGCCCTTAACTGGGTCGCCTACTGCACCCGCTCAATTTACTTTGAAAAAATTAGAGTGTTCAAAGCAGGCTCTAACGCCTGAATAATGGTGCATGGAATAATGGAATAGGATCTCGGTTCTATTTTGTTGGTTTTCGGAACTTGAGATAATGATTAAGAGGGACAGACGGGGGCATTCGTATTGCGGTGTTAGAGGTGAAATTCTTGGATCGCCGCAAGACGAACTACTGCGAAAGCATTTGCCAAGAATGTTT	0	0	0	20	0	0	0	0
ASV_01856	Eukaryota	NA	NA	NA	NA	NA	NA	NA	NA	98	43	34	32	32	8	6	6	0	AGCTCCAATAGCGTATATTAAAGTTGTTGCGGTTAAAAAGCTCGTAGTTGGATTTCTGCCGAGGACGACCGGTCCGCCCTCTGGGTGAGTATCTGGCTCGGCCTGGGCATCTTCTTGGAGAACGTAGCTGCATTTGACTATGTGGTGCGGTATCCAGGACTTTTACTTTGAGGAAATTAGAGTGTTTCAAGCAGGCATCCGCCTTGAATACATTAGCATGGAATAATAAGATAGGACCTCGGTTCTATTTTGTTGGTTTCTAGAGCTGAGGTAATGATTAATAGGGATAGTTGGGGGCATTCGTATTTAACTGTCAGAGGTGAAATTCTTGGATTTGTTAAAGACGGACTACTGCGAAAGCATTTGCCAAGGATGTTT	0	0	0	0	20	0	0	0
ASV_01881	Eukaryota	TSAR	Alveolata	NA	NA	NA	NA	NA	NA	100	59	54	42	38	14	8	8	8	AGCTCCAATAGCGTATATTAAAATTGTTGCGGTTAGAACGCTCGTAGTCGAATGTTTGTTCAAGCCTGACGGTCCTCCCTAGTGGTGCGTACTCAGTTCGGTCTGAGCACTTCTCTGGTGCAAGTGTTTGCAGTTAGTTCTGTTGCACTTTGTCCAGAACTTTTACTTAGAGGAAATGAGAGTGCTTCAAGCAAATGTATGTTATGAATACGTTAGCATGGAATAATCGCATGGGACATCATCCTGAATTTGTTGGTTTTTGGGTAGATGTAATGAAGGTGGGGATAGTTGGGGGCATTCGTATTTAACTGTTAGAGGTGAAATTCTTGGATTTTTTAAAGATGGACTACTGCGAAAGCATCTGCCAAAGATGTTT	0	0	0	0	19	0	0	0
ASV_01893	Eukaryota	Obazoa	Opisthokonta	NA	NA	NA	NA	NA	NA	100	71	71	35	26	17	11	5	2	AGCTCCAATAGCGTATACTAATGTTGTTGCAGTTAAAAAGCTCGTAGTCGGATTTCAGTTTATTTACATTTAACCTCTTGGTTTTGATGTAAATCTACTTTATGCAGGAAACTTTCATATTATTTATTTGATATGTTTTGGGACTTGCTCATTTACTTTGAGAAAATTAGAGTGTTCAAAGCAGGTATTTGCCTGAATATTACTCTTGGAATAATAATATAGGACTTCAGTTCTAGTTTGTTGGTGATCTGGAACCGGAGTAATGATTGATAGGGACAGTTGGGGTCATTCATACTGCAAAGCGAGAGGTGGAATTCTTGGACCTTTGTATGATGAACAACTGCGAAAGCATTTGACTAGGATGTTC	0	0	0	0	19	0	0	0
ASV_01924	Eukaryota	Obazoa	Opisthokonta	NA	NA	NA	NA	NA	NA	100	61	61	22	6	6	6	4	4	AGCTCCAATAGCATATATTAAAGTTGCTGCGGTTAAAAAGCTCGTAGTTGAGTCTCTAGCAAGGTCGACTGATCCATCTTCAGGGTGCGAATTTAGCTCGGCTCAGCTTCTTTCTGGCAAGGCTTCTCTGCACATCGGTCTGCAGATAGCTGCGCTGGCTTTTATTTTGAGAAAAATAAAGTTCTTCAAGCAGGCGTACGTCATGGATATGTGAGCATGGAATAATCATATATGCCTCGGCTCATATCTTGTTGGTTTCCATTGCTGAGGCAAAGGGTTGTAGGGCCAGATGGGGGCACTCGCATTTAACTGTCAGAGGTGAAATTCTTGGATTTGTTAAAGACGGCCCAGTGCGAAAGCATTTGCCAAGAATGTTC	0	0	0	0	18	0	0	0
ASV_01953	Eukaryota	TSAR	Alveolata	Dinoflagellata	Dinophyceae	NA	NA	NA	NA	100	55	55	55	55	18	18	16	12	AGCTCCAATAGCGTATATTAAAGTTGTTGCGGTTAAAAAGCTCGTAGTTGGATTTCTGTTGAAGGTGGGCCGTCCGCACTACGTGCGTGTATGTGTTACAACTTCGGCATCCTCATGAAGAACGGCGATGGGATTCATTTCTCGTCTCGGTATTCATGACTTTTACTTTGAGGAAATTAGAGTGTTCACGGCAAGCAAACGCTTTGAATACATTAGCATGGAATAATAATATAGGACCTTGGTACTATTTTGTTGGTTTCTAGAACTAAGGTAATGATAAATAGGGACAGTTGGGGGCATTCGTATTAAGACGTCAGAGGTGGAATTCTTGGATTGTCTTACGACGAACTACTGCGAAAGCATTTGCCAAGGATGTTT	0	0	0	0	17	0	0	0
ASV_01956	Eukaryota	NA	NA	NA	NA	NA	NA	NA	NA	93	6	4	4	3	3	3	3	3	AGCTCCAATAGCGTATATTAAAGTTGTTGCGGTTAAAAAGCTCGTAGTTGGATTTCTGTTGACAGCGGCCGGTCCGCACTATGTGCGTGCATCTGGTTCGGTGTTGGCATCCTCGTGGGTATCGTTTCCGTACTTTATTGTGTGGAGCGGGGTTCACGACTTTTACTTTGAGGAAATTAGAGTGTTCACGGCAAGCTAGCGCTTTGAATACATTAGCATGGAATAATAATATAGGGCTTACGTTCTATTTTGTTGGTTTCTAGAACATAAGCAATGATTAATAGGGATAATTGGGGGCACTCGTATTAACACGTCAGAGGTGGAATTCTTAGATTGTGTTACGACGAACTACTGCGAAAGCATTTGCCAAGGATGTTT	0	0	0	0	17	0	0	0
ASV_01958	Eukaryota	NA	NA	NA	NA	NA	NA	NA	NA	97	15	5	3	3	3	3	3	3	AGCTCCAATAGCGTATATTAAAGTTGTTGCAGTTAAAAAGCTCGTAGTTGGATTTGGGACTGGAGTCGCTCGGTCGGCCGCGAGGTCTGTTACTGAGCGGCTCTGTCATTACAATTCTCAGAGACCTGTCGTGTGCTTAACTGTACGCGGCACGGGATTTGGGACGTTTACTTTGAAAAAATTAGAGTGTTCAAAGCAGGCTTTCACAGCCCGAATACATGAGCATGGAATAATGGAATAGGACCGCGGTTCTATTTTGTTGGTTTCTACGACCGCAGTAATGATTAAGAGGGACAATTGGGGGCATCCGTATTTCGTTGTCAGAGGTGAAATTCTTGGATTTACGAAAGACGAACAACTGCGAAAGCACTTGCCAAGAGTGTTT	0	0	0	0	17	0	0	0
ASV_01976	Eukaryota	NA	NA	NA	NA	NA	NA	NA	NA	96	12	10	10	10	10	8	5	5	AGCTCCAATAGCGTATATTAAAGTTGTTGCGGTTAAAAAGCTCGTAGTTGGATTTCTGCTTGGGACGACCGGTCCGCCCTCTGGGTGTGTATCTGGTTCGGCCCGGGCATCCGCTTGTGGAACGTTTCTGCAATTGACTTTGTGGGCCGGAACACAAGCCTTTCACTTTGAGGAAATTAGAGTGTTTCAAGCAGGCTTTTGCCTTGAATACGCTAGCATGGAATGATAAGATAGGACCTCGTCTCTTTCTTGTCGGTTCAAGGAGGTGAGGTAATGATTAATAGGGATAGTCGGGGGCATTCGTACTTAACTGTCAGAGGTGAAATTCTTGGATTTGTTAAAGACGGACTACTGCGAAAGCATTTGCCAAGGATGTTT	0	0	0	0	16	0	0	0
ASV_01984	Eukaryota	TSAR	Alveolata	NA	NA	NA	NA	NA	NA	98	59	51	35	34	3	3	2	0	AGCTCCAATAGCGTATATTAAAGTTGTTGCGGTTAAAAAGCTCGTAGTTGGATTTCTGCCGAGGACGACCGGTCCGCCCATTGGGTGAGTATCTGGCTCGGCCTGGGCATCTTCTTGGAGAACGTATCTGCACTTGACTGTGTGGTGCGGTATCCAGGACTTTTACTTTGAGGAAATTAGAGTGTTTCAAGCAGGCTCACGCCTTGAATACATTAGCATGGAATAATAAGATAGGACCTCGGTTCTATTTTGTTGGTTTCTAGAGCTGAGGTAATGATTAATAGGGATAGTTGGGGGCATTCGTATTTAACTGTCAGAGGTGAAATTCTTGGATTTGTTAAAGACGGACTACTGCGAAAGCATTTGCCAAGGATGTTT	0	0	0	0	16	0	0	0
ASV_01989	Eukaryota	Obazoa	Opisthokonta	NA	NA	NA	NA	NA	NA	100	75	75	41	31	31	31	31	31	AGCTCCAATAGCGTATACTAAAGTTGTTGCAGTTAAAAAGCTCGTAGTTGAATTTCTGGATGCGAAAGATGGTCGGCACCTCACGGTGTCTGCACCTATCATTCGCGTTCATCCTCGGGAGGAACGTGTGGTCTCTTTAGTGAGCCCGCTCGGGAATCTCGTCATTTACTGTGAGCAAAATAGAGTGTTCAAAGCAGGCTTATGCCGTTGAATATATTAGCATGGAATAATAAGATACGACTTTGGTCTATTTTGTTGGTTTGCATTCCAAAGTAATGATTAATAGGGATAGTTGGGGGTATTCGTATTCAATTGTCAGAGGTGAAATTCTTGGATTTATGGAAGACGAACTACTGCGAAAGCATTTACCAAGGATGTTT	0	0	0	0	0	0	16	0
ASV_01990	Eukaryota	NA	NA	NA	NA	NA	NA	NA	NA	97	34	32	28	28	28	28	28	28	AGCTCCAATAGCGTATATTAAAGTTGTTGCAGTTAGAACGCTCGTAGTCGGATTTCGGGGCGGGCCGACCGGTCTGCCGATGGGTATGCACTGGCCGGCGCGTCCTTCCTTCCGGAGACCGTCTCACTCTTAACTGAGCGGAGGCGGGAGACGGAACGTTTACTTTGAAAAAATCAGAGTGTTTCAAGCAGGCAGCTCGCTCTTGCATGGATTAGCATGGGATAATGAAATAGGACTTTGGTGCTATTTTGTTGGTTTCGAACACCGAAGTAATGATGAGAAGGGACAGTCAGGGGCACTCGTATTCCGCCGAGAGAGGTGAAATTCTCAGACCAGCGGAAGACGAACCACTGCGAAAGCATTTGCCAGGGATGTTT	0	0	0	0	0	0	0	16
ASV_02027	NA	NA	NA	NA	NA	NA	NA	NA	NA	10	10	10	10	10	10	10	10	10	AGCTCCAATAGCGTATATTAAAGTTGTTGCGGTTAAAAAGCTCGTAGTTGGATTTCTGTCGAGGGTGGCCGGTCCGCACTTTGTGCGTGCATCTGGTTCAGCCTTGGCATCCTCGTGGGGAACGTATCTGCGCTTAATTGCGTGGTGCGGTATTCACGACTTTTACTTTGAGGAAATTAGAGTGTTCACGGCAGGCAATCGCCTTGAATACATTAGCATGGAATAATAATATAGGACCTTGGTCCCATTTTGTTGGTTTCTGGAACTAAGGTAATGATTAATAGGGATAATTGGGGGCATTCGTATTAACGTGTCAGAGGTGGAATTCTTGGATTACGTTACGACGAACTACTGCGAAAGCATTTGCCAAGGATGTTT	0	0	0	14	0	0	0	0
ASV_02030	Eukaryota	Obazoa	NA	NA	NA	NA	NA	NA	NA	100	68	5	5	5	5	3	3	3	AGCTCCAATAGCGTATATTAAAGTTGTTGCAGTTAAAAAGCTCGTAGTTGGATTTCTGATGGGAACGTTTGGTCGTCTCAATGAGTCTGTACTGAAATGTTTCCCGTCATCCTTGGTAAGAACTTGTTTGACCTTAGTTGGTTGAGCTTGGGACTGCCATCGTTTACTGTGAAAAAATTAGAGTGTTCAAAGCAGGCTTATGCCGTTGAATACATTAGCATGGAATAATAAAATGGGCCTTTGGTACTATTTTGTTGGTTTGCGTACCTAGGTAATGATTAATAGGGACAGTTGGGGGTATTCGTATTCCATTGTCAGAGGTGAAATTCTTGGATTTATGGAAGACGAACTACTGCGAAAGCATTTACCAAGGATGTTT	0	0	0	14	0	0	0	0
ASV_02033	NA	NA	NA	NA	NA	NA	NA	NA	NA	3	3	3	3	3	3	3	3	3	AGCTCCAATAGCGTATATTAAAGTTGCTGCAGTTAAAAAGCTCGTAGTTGGATCTCGGGTGCAGGCTTGCGGTCCGCCTCGCGGCGGTCACTGCTCGTCCTGACCTCCACGCCGGTTGTCCGCGCCTTGGTGCTCTTGATTGAGTGTCTCGGCCGGCCGGAACGTTTACTTTGAAGAAATTAGAGTGCTCAAAGCAGGCTACTACCGCCTGAATAATGGTGCATGGAATAATGGAATAGGACCTCGGTTCTATTTTGCTGGTTTTCGGAGCTCGAGGTAATGATTAATAGGGACAGACGGGGGCATTCGTATTGCGGCGCTAGAGGTGAAATTCTTGGACCGTCGCAAGACGAACTACAGCGATAGCATTTGCCAAGCATGCTT	0	0	0	0	14	0	0	0
ASV_02037	Eukaryota	TSAR	Stramenopiles	Gyrista	NA	NA	NA	NA	NA	98	80	79	74	15	15	15	15	12	AGCTCCAATAACGTATACTAAAGTTGTTGCAGTTAAAAAGCTCGTAGTCGAATGTAGATTGTACAAGTGCGCGGACGTTTAGGTGTATAACTTATATTGTCTGTACGCCACAATCACCCTTATGTAGTACGGTTGTTTTGGTTTCCAGAACAAATTTACCGACTACATACATTACTGTGAACAAAATAGAGTGTTCATGGCAGGCCAATTAGGCTTGAATACCTCAGCATGGAATAATAGAATAGGACTTCTGGTTCTATTTTGTTGGTTTTTGGAGCCGAAGTAATGATTAATAGGGATAGTTGGGGGCACTCGTACTCCGTTGTCAGAGGTGAAATTCTTGGATTGACGGAAGACGAACAACTGCGAAAGCATCTGCCAAGGATGTTT	0	0	0	0	14	0	0	0
ASV_02042	Eukaryota	Archaeplastida	Chlorophyta	Chlorophyta_X	Mamiellophyceae	Mamiellales	Mamiellaceae	NA	NA	100	65	65	65	65	61	59	27	16	AGCTCCAAAAGTGTATATTTAAGTTGTTGCGGTTGAAAAGCTCGTAGTTGGATATAGGGACGGCGAGGTTGGTCGGTCGAAAGGCTAGCACTGGCCTCGTTGTTCTTGTTGGTCGGTGCCTTCGCGGTGCTCTTAACTGAGTGTTGCGGTGGTCCGGCAAGTTTACCTTGAAAAAATTAGAGTGTTCAAAGCAGGCTTTACGCTTGTATAATGTTGCATGGAATAATGGAATAGGACCTCGGTTCTATTTTGTTGGTTTTCGGAGCACGAGGTAATGATTAATAGGAACGGACGGGGGCATCCGTACTGTGCTGTTAGAGGTGAAATTCTTGGATCGGCGCAAGACGAACGACTGCGAAAGCATTTGCCAAGAATGTTTTCT	0	0	0	0	0	0	14	0
ASV_02049	Eukaryota	Obazoa	Opisthokonta	Fungi	NA	NA	NA	NA	NA	100	69	69	53	33	33	33	33	33	AGCTCCAATAGCGTATATTAAAGTTGTTGCAGTTAAAAAGCTCGTAGTTGGATTTCGGGTTAGTTCGACCGGTCCGCCCTTGCGGTGTGCACTGGCCGGATTCTCCTTCCATCTGGAGGCCAGTCCTTATCTTAACTGATCGGGGCTGGGGTTCAGATCGTTTACTTTGAAAAAATTAGAGTGTTTAAAGCAGGCCTATGCTCTGAATACATTAGCATGGAATAATAGAATAGGACTTTGGTCTTATTTTGTTGGTTTTCGAGACCGAAGTAATGATTAATAGGGATAGTTGGGGGCATTCGTATTTAATTGTCAGAGGTGAAATTCTTGGATTTATGAAAGACGAACTTCTGCGAAAGCATTTGCCAAGGATGTTT	0	13	0	0	0	0	0	0
ASV_02055	Eukaryota	Obazoa	Opisthokonta	NA	NA	NA	NA	NA	NA	97	54	53	22	22	22	18	12	12	AGCTCCAATAGCGTATATTTAAGTTGTTGCAGTTAAAAAGCTCGTAGTTGGATTTCGGGTGGTGCGTGCCGGTCCGTCGTTGCGATGTGCACTGGCATGTGTCATCTTTTTGTCGGGGACCAGCTCCTGGGCTTCACTGTCCGGGACTGGGAGCCGACGATGTTACTTTGAGTAAATTAGAGTGTTCAAAGCAAGCCTACGCTCTGAATATATTAGCATGGAATAACACGATAGGACTCTGGCTTATCTTGTTGGTCTGTGAGACCAGAGTAATGATTAAGAGGGACAGTCGGGGACATTCGTATTTCATTGTCAGAGGTGAAATTCTTGGATTTATGAAAGACGAACTTCTGCGAAAGCATTTGTCAAGGATGTTT	0	0	13	0	0	0	0	0
ASV_02057	Eukaryota	NA	NA	NA	NA	NA	NA	NA	NA	99	38	35	35	35	35	35	35	22	AGCTCCAATAGTGTATATTAAAGTTGTTGCGGTTAAAAAGCTCGTAGTTGGATTTCTGCCAAGGCTGGCCGGTCCGCCCTTTGGGTGAGTATCTGGCTTGGCTGGAGCATATTCTTGGAGGGCATTGCTGCACTTGACTGTGTGGTATGCAACCCAAGACTTTTACTTTGAGGAAATTAGAGTGTTTCAAGCAGGCTCGCGCCTTGAATACATTAGCATGGAATAATAAGATAAGGCCTTGGCTGTATTTTGTTGGTTTCTATAGCTGAGGTAATGATGAACAGGGATACTTGGGGGCATACGAATTTAACTGTCAGAGGTGAAATTCTTGGATTTGTTAAAGACGGACTACTGTGAAAGCATTTGCCAAGAATGTTT	0	0	13	0	0	0	0	0
ASV_02065	Eukaryota	TSAR	Alveolata	NA	NA	NA	NA	NA	NA	100	68	53	37	28	8	8	8	4	AGCTCCAATAGCGTATACTAACGTTGTTGCAGTTAAAAAGCTCGTAGTTGGATTTCTGACGGCCTTAGCTCAGCTCGACTCCCTGAGTCGTTGTCTGTCTGAGGTAGTCAACATTTGGCGTGGTCCAGTGTCGGGCTTTTATTAGCACGTGCTGGCGATCGTCTCGTTTACTTTGAGAAAATTAGAGTGTTCAAAGCAGGCTTCGCCTTGAATATGTTAGCATGGAATAATGACATAGGACTTTGGTTCTATTTGTTGGTTGTTCGAGAACTAGAGTAATGATTGATAGGGACGGTTGGGGGCATACGTATTCCGGGGCGAGAGGTGAAATTCTTGGACCCCCGGAAGACGAACCGCTGCGAAAGCGTTTGCCTAGGACGTTCTCT	0	0	0	0	13	0	0	0
ASV_02068	NA	NA	NA	NA	NA	NA	NA	NA	NA	16	16	16	16	16	16	16	16	16	AGCTCCAATAGCGTATATTAAAGTTGTTGCAGTTAAAAAGCTCGTAGTTGGATTTCTGGGAGGGTGCCAATGTCCGTCGACGTACGTGTTGCAGCGGCGCCCTTCCATCCTTCTGTTAACGGCTCACGGCATTCGTTTGCTGGTGTCGGGCTCAGATATTTTACCTTGAGAAAATTAGAGTGTTTCAGGCAGGCTAGGCCGGAATACATTAGCATGGAATAATGGAATAGGACTACGGTCTCTTTGTTGGTTTGAGGGACTGCAGTAATGATTAATAGGGATAGTTGGGGGCATTAGTATTTAATTGTCAGAGGTGGAATTCTCGGATTTGTTAAAGACTAACTTATGCGAAAGCATTTGCCAAGGATGTTT	0	0	0	0	13	0	0	0
ASV_02076	Eukaryota	Amoebozoa	Tubulinea	Tubulinea_X	Echinamoebida	Echinamoebida_X	Echinamoebidae	Echinamoeba	Echinamoeba_silvestris	97	67	55	55	53	53	53	53	53	AGCTCCAATAGCGTATATTAAAGTTGTTGCAGTTAAAAAGCTCGTAGTTGGATTTTGGAATAAGCTAGTTGGTCCGCCGCAAGGTGAGAACTGATGGGCATATTCTTCCTCTCGAAAACGGTGCGTGCAGTTAATTCTGTGTGTATCGGGTTCGGGACTTTTACTGTGAAAAAATTAGAGTGTTCAAAGCAGGCTATCGCTTGAATATTTCAGCATGGAATAATAGAATAGGACATTGGTTCTATTTTGTTGGTTTCTGGAACCGAAGTAATGATTAATAGGGATAGTTGGGGGCATTAGTATTTAATTGTCAGAGGTGAAATTCTTGGATTTATGAAAGACTAACTTCTGCGAAAGCATTTGCCAAGGATGTTT	0	0	0	0	0	13	0	0
ASV_02077	Eukaryota	NA	NA	NA	NA	NA	NA	NA	NA	91	26	20	16	13	3	1	1	1	AGCTCCAATAGCGTATGTTAAAGTTGTTGCGGCTAAAAAGCTCGTAGTTGGATTTCTGTTGAGGACATCTGGTCCGCTCTATGAGCGTGCATCTAGTTTGGCCTCGGCATCCGCTCTGCAAACGTTTCTGCGCTTGACTGCGTGGTACGGAGGTAGGGCCTTTTACTTTGAGGAAATTAGAGTGTTCACGGCAGGCAATCGCCTTGAATATATTAGCATGGAATAATAACATAGGATCTTGGTTCTATTTTGTTGGTTTCTAGGGCTAAGATAATGATTAATAGGGACAATTGGGGGCATTCGTATTGCGGTGTCAGAGGTGGAATTCTTGGATTACTGCACGACGAACTACTGCGAAAGCATTTGCCAAGGATGTTT	0	0	0	0	0	0	13	0
ASV_02081	Eukaryota	NA	NA	NA	NA	NA	NA	NA	NA	86	30	19	19	16	13	13	5	1	AGCTCCAATAGCGTATATTAATGTTGTTGCAGTTAAAAAGCTCGTAGTTGGATTTCTGACAAGAGCGGCCGGTCCGAGCCTTTCGGGTTCGTGTACTTGTGTTGTCTCTAGTCATCCTTATGGAGAACGTGTGTGGCATTAACTTGTCGTGCTCGGGACCCATATCGTTTACTGTGAAAAAATTAGAGTGTTCAAAGCAGGCAATCGCTGTGAATACATTAGCATGGAATAATAAGATAGGACTTTGGTACTATTTTGTTGGTTTGCATACCAAGGTAATGATTAAGAGGGACAGTTGGGGGTATTCGTATTTATATGTCAGAGGTGAAATTCTTGGATTTTAGAAAGACGAACTACTGCGAAAGCATTTACCAAGGATGTTT	12	0	0	0	0	0	0	0
ASV_02084	Eukaryota	TSAR	Alveolata	Dinoflagellata	Dinophyceae	NA	NA	NA	NA	100	55	51	50	50	29	29	26	26	AGCTCCAATAGCGTATATTAAAGTTGTTGCGGTTAAAAAGCTCGTAGTTGGATTTCTGCTGAGGACGACCGGTCCGCCCTCTGGGTGAGTATCTGGCTCGGCCTTGGCATCTTCTTGGAGAACGTAACTGCACTTGACTGTGTGGTGCGGTATTCAGGACTTTTACTTTGAGGAAATTAGAGTGTTTCAAGCAGGCGCATGCCTTGAATACATTAGCATGGAATAATGAGATAGGACCTTGGTTCTATTTTGTTGGTTTCTAGAGCTGAGGTAATGATTAATAGGGAACTGTCAGAGGTGAAATTCTTGGATTTGTTAAAGACGGACTACTGCGAAAGCATTTGCCAAGGATGTTT	12	0	0	0	0	0	0	0
ASV_02086	Eukaryota	NA	NA	NA	NA	NA	NA	NA	NA	98	26	21	16	15	15	14	14	14	AGCTCTGCTAGCGTATATTAAAGTTGTTGCAGTTAAAAAGCTCGTAGTTGAATTTCTGGTAGGAGTGATCGGTCCATCACAATGTGTTGGTACCTGGTTGTCTCCGGCCATCCTTGGAAAGAGTCTTCATGGCATTAAGTTGTCGAGTTGATAATTTCCATCGTTTACTGTGAAAAAATTAGAGTGTTCAAAGCAGGCTTATGCCATTGAATATATTAGCATGGAATAATAAGATAGGACCTTGGTACTATTTTGTTGGTTTGCGTACCAATGTAATGATAAATAGGGACAGTTGGGGGTATTCGTATTCAATTGTCAGAGGTGAAATTCTTGGATTTATGGAAGACGAACTACTGCGAAAGCATTTACCAAGGATGTTT	0	12	0	0	0	0	0	0
ASV_02092	Eukaryota	Obazoa	Opisthokonta	Metazoa	NA	NA	NA	NA	NA	99	56	56	51	35	18	18	11	3	AGCTCCAATAGCGTATATTAAAGTTGTTGCGGTTAAAAAGCTCGTAGTTGAATCTCTGCCAGGGACGACCTACCCACCTTAGGGTGCGTGTTAGTGTTGACCGTGGCATCCTCCTAGTGACGTCTGTACTTTACTGTGCAGTTCGTTCTAGGACTTTTACTTTGAGGAAATTAGAGTGTTTCAAGCAGGCATATGCCTTGAATATATTAGCATGGAATAATAATTTAGGACTTCGGTTCTATTTTATTGGTTCTGGACCGAAGTAATGATTAATAGGGACAGTCGGGGGCATTCGTACTCAACAGTCAGAGGTGAAATTCTTGGATTTGTTGGAGACGAACTACTGCGAAAGCATTTGCCAAGGATGTTT	0	12	0	0	0	0	0	0
ASV_02109	Eukaryota	NA	NA	NA	NA	NA	NA	NA	NA	99	29	20	20	7	4	4	4	3	AGCTCCAATAGCGTATATTAAAGTTGTTGCAGTTAAAAAGCTCGTAGTTGAATTTCTGGTCATTTTTGGTCGCGGCTTCGGTCAGGCTAAGGTTGGCCATCCGTCTGCAAGCAGTTCTCGGCCTTCACTGGTTCGGTTTTGTGAGCTGACATTTTACTTTGAAAAAATTAGAGTGTTTCAGGCAGGCTTTTGCCCGAATACATTAGCATGGAATAATGGAATTGGACTCTGGTCCATTTGGTTGGTTATTGGATCTGAGTAATGGTTAATAGGGACAGTTGGGGGCATTAGTATTTAATTGTCAGAGGTGAAATTCTTGGATTTATTAAAGACTAACTTATGCGAAAGCATTTGCCAAGGATGTTT	0	0	0	0	12	0	0	0
ASV_02116	Eukaryota	Obazoa	Opisthokonta	NA	NA	NA	NA	NA	NA	94	55	55	33	6	4	2	1	1	AGCTCCAATAGCGTATATTAAAGTTGTTGCGGTTAAAAAGCTCGTAGTTGGACTTGTGCGAAGGTTCGCTGGTCTGCCCTGTGGGTTTGCACCTTGCGATGTCCGTCGTCTCTCTGGAGAACGTTTCGAGGTTCGCGCCTCGTGCGGTATCCGGAGCATTTACTTTGAGGAAATTAGAGTGTTCTCGGCAGGCTTTTGCCTTGAATATGTTAGCATGGAATAATGCGAAAAGGCTCGGGCTTTTCTTGTTGGTTACAAACGCTTGAGTGATGATTAATATGAGCTGTTGGGGGCATCTGTATTTAACTGTCAGAGGTGAAATTCTTGGATTTGTTAAGGATAGACTAGTGCGAAAGCATTTGCCAAAGATGTTTTTC	0	0	0	0	12	0	0	0
ASV_02122	Eukaryota	Obazoa	Opisthokonta	Metazoa	NA	NA	NA	NA	NA	94	67	67	67	23	13	7	1	1	AGCTCCAATAGCGTATATTAAAGTTGTTGCAGTTAAAAAGCTCGTAGTTGAATTTCTGGTCAATCGTAGTCTTGGCTTCGGTCGGGCTATGGTTGACCATCCGTTTGCAAGCTGCACTCGGCCTTCACTGGTTCGGTGTAGTGAGCTGACATTTTACTTTGAAAAAATTAGAGTGTTTCAGGCAGGCTTTTGCCCGAATACATTAGCATGGAATAATGGAATTGGACTCTGGTCCATTTGGTTGGTTATTGGATCTGAGTAATGGTTAATAGGGACAGTTGGGGGCATTAGTATTTAATTGTCAGAGGTGAAATTCTTGGATTTATTAAAGACTAACTTATGCGAAAGCATTTGCCAAGGATGTTT	11	0	0	0	0	0	0	0
ASV_02128	Eukaryota	Archaeplastida	Picozoa	Picozoa_subdivision_1	Picomonadea	Picomonadida	Picomonadidae	Picomonas	Picomonas_judraskeda	100	63	63	63	63	63	63	63	63	AGCTCCAATAGCGTATACTAATGTTGTTGCAGTTAAAAAGCTCGTAGTCGGATTTCAGATTTGGTACGTTTTCCTTTTATTGGTTTTCGTCTCATTTCTTCTTTGACAGACGGCTTCCTTACATTAATTTGTTGGGTTGTTCAACTGTCTCTTTTACTTTGAGAAAATTAGAGTGTTCAAAGCAGGTTTTTGCCTGAATATTACTCTTGGAATAATAATATAGGACTCTGGTTCTAGTTTGTTGGTGATCTAGTGCCGGAGTAATGATTAATAGCGACGGTTGGGGTCATTCGTACTGCAAAGCGAGAGGTGAAATTCTTGGACCTTTGTATGACGAACAACCGCGAAAGCATTTGACTAGGACGTTCGCG	0	11	0	0	0	0	0	0
ASV_02136	Eukaryota	NA	NA	NA	NA	NA	NA	NA	NA	95	12	10	9	5	5	5	5	5	AGCTCCAATAGCGTATATTAAAGTTGTTGCGGTTAAAAAGCTCGTAGTTGGATTTCTGTTGAGGTCGGCCGGTGTACATTACGTGTATTATTTGGTTTGGTCTCGGCATCCTCTGAGGCTGAGGGACTTAATTGGCTCTCAAGTTTTCAGACTTTTACTTTGAGGAAATTAGAGTGTTCACGGCAAGCAAGCGCTTTGAATACATTAGCATGGAATAATAATATAGGACTCTCGTTCTATTTTGTTGGTTTCTAGAACTTGGGTAATGATTAATAGGGACAATTGGGGGCATTCGTATTAACGCGTCAGAGGTGAAATTCTTAGACTGCGTTACGGCGAACTACTGCGAAAGCATTTGCCAAAGATGTTT	0	0	0	11	0	0	0	0
ASV_02138	Eukaryota	NA	NA	NA	NA	NA	NA	NA	NA	92	31	17	17	3	3	3	3	0	AGCTCCAATAGCGTATATTAAAGTTGTTGCAGTTAAAAAGCTCGTAGTTGGATTTCTGGGAGGGTGCCGATGTCCACAGATTGTGCGCGCAGAGGCGCCCTTCCATCCTTCTGTTAGCGCCGCCTTGCATTCACTTGCTAGCGGCGTGCTCAGATAGTTTACCTTGAGAAAATTAGAGTGTTTCAGGCAGGCTAAGCCGGAATACATTAGCATGGAATAATGGAATAGGACTATAGTCTCTTTGTTGGTTTGAGGGACACTAGTAATGATTAATAGGGATAGTTGGGGGCATTAGTATTTGACTGTCAGAGGTGGAATTCTCGGATTTGTTAAAGACTAACTTATGCGAAAGCATTTGCCAAGGATGTTT	0	0	0	11	0	0	0	0
ASV_02147	NA	NA	NA	NA	NA	NA	NA	NA	NA	19	19	19	19	19	18	18	18	18	AGCTCCAATAGCGTATGTTAAAGTTGTTGCGGCTAAAAAGCTCGTAGTTGGATTTCTGTTGAGGATGTCCGGTCCGCTCTATGAGCGTGCATCTGGTTCAGCCTCGGCATCCGCTCTGCATACGTGTCTGCGCTTGATTGCGTGGTTCGGAGGTAGGGCCTTTTACTTTGAGGAAATTAGAGTGTTCACGGCAGGCAGTCGCCTTGAATATATTAGCATGGAATAATAACATAGGATCTTGGTTCTATTTTGTTGGTTTCTAGGGCTAAGATAATGATTAATAGGGACAATTGGGGGCATTCGTATTGCGGTGTCAGAGGTGGAATTCTTGGATTACTGCACGACGAACTACTGCGAAAGCATTTGCCAAGGATGTTT	0	0	0	0	11	0	0	0
ASV_02150	Eukaryota	NA	NA	NA	NA	NA	NA	NA	NA	88	6	5	4	4	4	4	4	4	AGCTCCAATAGCGTATATTAAAGTTGTTGCAGTTAAAAAGCTCGTAGTTGGATTTCTGGGAGGGTGCCGATGTCCACAGTTTGTGCGCGCAGAGGCGCCCTTCCATCCTTCTGTTAGCGCCGCCTTGCATTCATTTGCTAGCGGTGTGCTCAGATAGTTTACCTTGAGAAAATTAGAGTGTTTCAGGCAGGCTAAGCCGGAATACATTAGCATGGAATAATGGAATAGGACTATAGTCTCTTTGTTGGTTTGGGGGACAATAGTAATGATTAATAGGGATAGTCGGGGGCATTAGTATTTGACTGTCAGAGGTGGAATTCTCGGATTTGTTAAAGACTAACTTATGCGAAAGCATTTGCCAAGGATGTTT	0	0	0	0	11	0	0	0
ASV_02166	Eukaryota	NA	NA	NA	NA	NA	NA	NA	NA	98	48	48	42	21	14	14	2	2	AGCTCCAAGAGCGTATATTAAAGTTGTTGCAGTTAAAAAGCTCGTAGTTGGATTTCTGGTACAACGCGCCTGGCCCGCTTTTGTGAGTGCCGGTGCACGTTTGCCATCCTTCTAGAAACCGTTTCTACCCGGGCAACTGGGCCGGACTCGTGATCTAGATCTTTTACTTTGAAAAAATTAGAGTGTTTAAAGCAGGCTTTTGCTGTGAATACATTAGCATGGAATAATAATCTAGGACTTCGGTTCTATTTTGTTGGTTTCTAGTACTGAAGTAATGATTGATAGGGATAGTTGGGGGTGCTAGTATTGGCCGGCCAGAGGTGAAATTCTTGGATTCGGTCAAGACTAACTTATGCGAAAGCATTCACCAAGGATGTCTTCT	10	0	0	0	0	0	0	0
ASV_02172	Eukaryota	Obazoa	Opisthokonta	Fungi	NA	NA	NA	NA	NA	100	68	68	55	26	26	26	26	26	AGCTCCAATAGCGTATATTAAAGTTGTTGCAGTTAAAAAGCTCGTAGTTGGATTTCTGGCCGGGGCGACCGGTCGGCGCCCTAGCGGCGTGTGCACTGTCGTCGGCCCTGGCCATCTGCGTTCTTAGGGCCGCTGGCATTAAGTTGTCGGCGGTCTGAGGGGCGCCGTTTACTGTGAAAAAATTAGAGTGTTTAAAGCAGGCGATCGCTGTGAATACATTAGCATGGAATAATGAGATAGGACTTTGGTACTATTTTGTTGGTTTGCGCACCAAGGTAATGATTAATAGGGATAGTTGGGGGTATTCATATTCAATTGTCAGAGGTGAAATTCTTGGATTTATGGAAGATGAACTTATGCGAAAGCATTTACCAAGGATGTTT	0	0	0	10	0	0	0	0
ASV_02181	Eukaryota	NA	NA	NA	NA	NA	NA	NA	NA	100	43	43	43	43	43	43	43	41	AGCTCCAATAGCGTATATTAAAGTTGTTGCAGTTAAAAAGCTCGTAGTTGGATTTCTGGTCTGAGCGTCCGGTCCGCCGCTGTGCGGTGTGTACTTGGTTCGACTCGGGCCATCCTTGTAGGGAATTCCTCTGGCATTAATTTGTCGGGGGCGGGAACTGCATCGTTTACTGTGAAAAAATTAGAGTGTTTAAAGCAGGCATTTGCTGTGAATACATTAGCATGGAATAATAAGATAGGACTTTGGTTCTATTTTGTTGGTTGGAGGCCAAGGTAATGATTAATAGGGATAGTTGGGGGTATTCATATTTAATTGTCAGAGGTGAAATTCTTGGATTTATGAAAGATGAACTTATGCGAAAGCATTTACCAAGGATGTTT	0	0	0	0	10	0	0	0
ASV_02205	Eukaryota	NA	NA	NA	NA	NA	NA	NA	NA	100	39	38	35	16	16	16	12	12	AGCTCCAATAGCGTATATTAAAGTTGTTGCAGTTAAAAAGCTCGTAGTTGGATTTCTAGCGGACGCGACTGGTCTGCTCCGCGAGGAGTTGGTACTGAGCCGTCGTCTGTTATCCTTGAGCAGAGCTCATCTGGCATTCAGTTGTCGGGTGAGGGATGCTCATCGTTTACTGTGAAAAAATTAGAGTGTTCAAAGCAAGCTTAGGCTCTGAATATATTAGCATGGAATAATAAGATAGGACCTTGGTGGTCTATTTTGTTGGTTTGCACGCCGAGGTAATGATTAATAGGGATAGTTGGGGGTATTCGTATTCAATTGTCAGAGGTGAAATTCTTGGATTTATGGAAGACGAACTACTGCGAAAGCATTTACCAAGGATGTTT	0	0	6	3	0	0	0	0
ASV_02214	Eukaryota	Cryptista	Cryptophyta	Cryptophyta_X	Cryptophyceae	NA	NA	NA	NA	100	62	62	62	62	49	49	49	49	AGCTCCAATAGCATATGTTAATGTTGTTGCGGTTAAAAAGCTCGTAGTTGGATCTCGGCGGGCCGGGGGCGGTTCGCTCTCTGGCGTGACTGCCCCACAGGCCCGTGTTTTTGGCGGAGGTCGGCGGGTGCTCTTAACCGAGTGTCCTTCGGCGCCGTCAGGTTTACTTTGAAAAAATTAGAGTGCTCCAGGCAGGCTTGACACGCTTGAATAGTCGTGCATGGAATGATAGAATAGGACGTCGTTTCTATTTTGTTGGTCTTCGGATATCGACGTAATGATTGACAGGGACAGTCGGGGGCATTAGTATTCAGGCGACAGAGGTGAAATTCTTGGACCGCCTGAAGACTCACTACTGCGAAAGCATTTGCCAAGAATGTTT	0	0	0	0	9	0	0	0
ASV_02220	Eukaryota	TSAR	Stramenopiles	Bigyra	Sagenista	Sagenista_X	MAST-4	MAST-4F	MAST-4F_sp.	100	58	58	58	58	58	58	58	58	AGCTCCAATAGCGTATATTAATGTTGTTGCGGTTAAAAAGCTCGTAGTTGGATTTTGGGATCAGCTCCGGCGGGCCGGTGAGAACCGTGAACTGCTAGAATGGTCCTTCTGTCTGGAGGCTCTGCGCTTCCTCTTCACTGAGAGGCGTGGGGCGTCTAGGACTTTTACTTTGAACAAATTGGAGTGTTTAAAGCAGGCGATCGCCTTGAACACATTAGCATGGAATAACACAATAGGACTTTGGTTCTATTTTGTTGGTTTTAAGGACCGAAGTAATGATTAATAGGGACAGTTGGGGGCATTCGTATTTAATTGTCAGAGGTGAAATTCTTAGATTTATGAAAGACGAACTTCTGCGAAAGCATTTGCCAAGGATGTTT	0	0	0	0	9	0	0	0
ASV_02233	Eukaryota	TSAR	NA	NA	NA	NA	NA	NA	NA	100	59	40	32	30	30	26	26	26	AGCTCCAATAGCGTATATTAAAGTTGTTGCGGTTAAAAAGCTCGTAGTTGGAGTTCTGCCAGGTGGCGCTCGTCCGCCCCAGTGGTGTGTACAGGGTGTGCATCTGGCCCCTTCAAGGGGAACGCGTTGCACTTTGTTGTGTGGCGCGAGATCTTTGACTTTTACTTTGAGGAAATAAGAGTGTTCCAAGCAGGCTCTCGTCGTGCATAGCTCAGCATGGAATAATAGCATTGGACTTCGTTTCTACGCTGTTGGTTGCAAGAAGCGAGGTAATGATGAAGAGGGATAGTTGGGGGCATTCGTATTTAACTGTCAGAGGTGAAATTCTTGGATTTGTTAAAGACGGACTACTGCGAAAGCATCTGCCATGGATGTTT	0	8	0	0	0	0	0	0
ASV_02235	Eukaryota	Obazoa	Opisthokonta	Metazoa	Cnidaria	Cnidaria_X	Hydrozoa	NA	NA	100	77	77	77	77	77	77	34	10	AGCTCCACTAGCGTATATTAAATGCTCTTTGAGATGGATTATGCATTCGCTTTGGCATCTACGCGTGAATCGGTGCTGTGCTTGATTGCATGGCTCTGTACTCGCGTCTTTTACTTTGAAGAAAATAGGGTGTTCACAGTAGGCAATTGTCTTGTATATATTAGCATGGGATAATAATCTAGGGTTTCGTGCTCTTTCAGGTGGCTCGAAGAGTGGAAGCAATGGTTAATAGGGGCTGTTGGGGGTCTTCGGATTATCGCGTCAGAGGTGGAATTCTTAGATTGCGCTACGACGCACGAATGCGAAAGCATTTGCCAAAGATGTTT	0	8	0	0	0	0	0	0
ASV_02240	Eukaryota	TSAR	Alveolata	Dinoflagellata	Syndiniales	Dino-Group-I	Dino-Group-I-Clade-5	Dino-Group-I-Clade-5_X	Dino-Group-I-Clade-5_X_sp.	100	63	63	62	59	59	59	59	59	AGCTCCAATAGCGTATATTAAAGTTGTTGCAGTTAAAAAGCTCGTAGTTGGATTTCTGGCAGGAGCGACCGGTCACTCACTCTGTGTGTGAACTCGTGTTGTCTCTGGCCATCCTCGAGGAGATCTTGTTTGGCATTAAGTTGTCGGGCAGGGGATACCCGTCGTTTACTGTGAGAAAATTAGAGTGTTTAAAGCAGGCTTATGCCGTTGAATATATTAGCATGGAATAATAAGATAGGACTTCGGAACTATTTTGTTGGTTTGCGTTACGAAGTAATGATTAATAGGGACAGTTGGGGGTATTCGTATTTCGTTGTCAGAGGTGAAATTCTTGGATTTCCGAAAGACGAACTACTGCGAAAGCATTTACCAAGGATGTTT	0	8	0	0	0	0	0	0
ASV_02242	Eukaryota	TSAR	Alveolata	Dinoflagellata	Syndiniales	Dino-Group-II	Dino-Group-II-Clade-10-and-11	Dino-Group-II-Clade-10-and-11_X	Dino-Group-II-Clade-10-and-11_X_sp.	99	71	71	65	58	58	55	55	55	AGCTCCAATAGCGTATATTAAAGTTGTTGCAGTTAAAAAGCTCGTAGTCGAATTTCTAGCCGGAGCATTGCGTCCGTGTGCACTGCACTCGTGTATGTCCTTGCCTCCGCGCTATCCTTGTAGAGAGAGTGTCCTGGCATTGACTTGTCATGCACTGGATCTGCATCGTTTACTGTGAAAAAATTAGAGTGTTTAAAGCAGGCAGTTCCGCCATTGAATACGTTAGCATGGAATAATAATATAGGACTTGGTCTTATTTTGTTGGTTTGTAGCCCAAGTAATGATGAATAGGGACAGTTGGGGGTATTCATATTTAATTGTCAGAGGTGAAATTCTTGGATTACTGAAAGATGAACTTATGCGAAAGCATTTACCAAGGATGTTT	0	0	0	8	0	0	0	0
ASV_02251	Eukaryota	NA	NA	NA	NA	NA	NA	NA	NA	98	26	26	22	22	22	21	21	21	AGCTCCGATAGCGTATATTAAAGTTGTTGCAGTTAAAAAGCTCGTAGTTGAACTTCTACTAGATTTTCGTTGCCTTTCGGTTTGATGAGAATCTGGTATCCCCTTTGATCTATCGGCATGCACTTAGTTGAGCAGTTGTAAGATCAAGGAATTTACTTTGAAAAAATTAGAGTGTTTCAGGCAGGCGAATTGCTGGAATACATTAGCATGGAATAATAGAACACGACCTCTTTGTCAATTTATTGGTCTTTTGGTAGGAGGTAATGATTAACAGGGACAGTTGGGGGCATTAGTATTGTATTGTCAGAGGTGAAATTCATTGATTAATGCAAGACTAACTTATGCGAAAGCATTTGCCAAGGATGTTT	0	0	0	0	8	0	0	0
ASV_02260	Eukaryota	Cryptista	Cryptophyta	Cryptophyta_X	Cryptophyceae	NA	NA	NA	NA	97	55	55	55	55	35	25	15	11	AGCTCCAATAGCGTATATTAAAGTTGTTGCGGTTAAAAAGCTCGTAGTTGGATTTCTGTCTGGGACTACCGGTCTACTCTCTGAGTAAGCATCTGGTTCGTTTCGGGCATCCTCACGGGGAACGTACTAAGCTTGGATGTTTGGTGCGGGATCTGTGACATTTACTTTGAGGAAATTAGAGTGTTCACTGCAGGCAATCGCCTTGAATACATTAGCATGGAATAATAAGATAGGACCTTAGTTCTATTTTGTCGGTTTCTAGAGCTGAGGTAATGATTAACAGGGATAGTTGGGGGCATTCGTATTTAACTGTCAGAGGTGAAATTCTTGGATTTGTTAAAGACGAACTACTGCGAAAGCATTTGCCAAGGATGTTT	7	0	0	0	0	0	0	0
ASV_02267	Eukaryota	TSAR	Alveolata	Ciliophora	Spirotrichea	Oligotrichida	Tontoniidae	Spirotontonia	Spirotontonia_sp.	100	61	61	61	61	61	61	61	61	AGCTCCAATAGCGTATATTAAAGTTGTTGCGGTTAAAAAGCTCGTAGTTGGATTTCTGCCGAGGACGACCGGTCCGCCCTCTGGGTGTGCATCTGGCTCGACCTGGGCATCTTCTTGGAGAACGTGGCTGCACTTGATTGTGTGGTGCGGTATCCAGGACTTTTACTTTGAGGAAATTTGAGTGTTTCAAGCAGGCATACGCCTTGAAAACGTTAGCATGGAATAATAAGATAGGGTCACTTCTCTATTTTGTTGGTTTCTAGAATCGTGACAATGATTAATAGGGATAGTCGGGGGTATTTGTATTCAACTGTCAGAGGTGAAATTCTTGGATTTGTTGAAGACAAACTACTGCGAAAGCATTTACCAAGGATGTTT	0	7	0	0	0	0	0	0
ASV_02272	Eukaryota	NA	NA	NA	NA	NA	NA	NA	NA	90	38	32	27	27	27	26	18	18	AGCTCCAATAGCGTATATTAATGCTGCTGCAGTTAAAACGCTCGTAGTCGAAGGTGGGTGGTGGGTTGGGGGGAGGCGTGAGCTTTCTCCCAACTCTCCGCCTTTGGGGGGAGACTCCCGGTTACTTTGAAGAAATTAGAGTGTTCAAAGCGGGCATTTGCTTGAATACATTAGCATGGAATAACGGTGGACTTTTAGCCATTAGTTGGTTTGGGGCTTGAAGAGAGGATTAAGAGGGACAGATGGGGGCATTGGTATTCAGTAGTCAGAGGTGAAATTCTTGGATTTACTGAAGACTAACTAGGGCGAAAGCATTTGCCAAGGATGTTT	0	7	0	0	0	0	0	0
ASV_02286	Eukaryota	Archaeplastida	Chlorophyta	Chlorophyta_X	Mamiellophyceae	Mamiellales	Bathycoccaceae	Bathycoccus	Bathycoccus_sp.	100	62	62	62	62	61	60	55	55	AGCTCCAATAGCGTATATTAAAGTTGTTGCAGTTAAAAAGCTCGTAGTTGGATTTCTGGCAGGGGACTAGAGACCGCTTGCAGCGTGTGCTCGCAGCCCCCTACCATCCTTCTGTTAACGTGCCAGGACATTCACTTGTCGGGCACGGGCTCAGATAATTTACCTTGAGAAAATTAGAGTGTTTCAGGCAGGCTGACGCCGGGATACATTAGCATGGAATAATGGAATAGGACTTTCGCCTCTTCTGTTGGTCTGAGGGGTGATCGTAATGATTAATAGGGATAGTTGGGGGCATTAGTACTTAACTGTCAGAGGTGAAATTCTCGGATTTGTTAAAGACTAACTTATGCGAAAGCATTTGCCAAGGATGTTT	0	0	0	0	7	0	0	0
